	Bcl6	Bhlhe40	Crem	Dot1l	Epas1	Ets2	Etv6	Fos	Fosb	Fosl2	Foxo1	Hivep1	Ikzf3	Irf1	Jun	Junb	Jund	Kdm2b	Klf13	Klf2	Klf6	Lin54	Mlxip	Mlxipl	Nfat5	Nfkb1	Nfkb2	Nr1d2	Nr3c1	Nr4a2	Pa2g4	Phf21a	Purb	Relb	Rora	Skil	Stat3	Stat5a	Tcf7	Tcf7l1	Tcf7l2	Trafd1	Zbtb21	Zfp131
1110037F02Rik	0	0	0	0	0	0	0	0	0	0	0	0	0	0	0	0	0	0	0	0	0	0	0	0	0	0	0	0	0	0	0	0.438	0	0	0	0	0	0	0	0	0	0	0	0
2010300C02Rik	0	0	0	0	0	0	0	0	-0.74191	0	0	0	0	0	0	0	0	0	0	0	0	0	0	0.57608	0	0	0	0	0	0	0	0	0	0	0	0	0	0	0	0	0	0	0	0
4932438A13Rik	0	0	0	0	0	0	0	0	0	0	0	0	0	0	0	0	0	0	0	0	0	0	0	0	0.62736	0	0	0	0	0	0	0	0	0	0	0	0	0	0	0	0	0	0	0
4933426M11Rik	0	0	0	0	-0.67278	0	0	0	0	0	0	0	0	0	0	0	0	0.55209	0	0	0	0	0	0	0	0.29637	0	0	0	0	0	0	0	0	0	0	0	0	0	0	0	0	0	0.57533
A830080D01Rik	0	0	0	0	0	0	0	0	0	0	0	0	0	0	0	0	0	0	0	0	0	0	0	0	0	0	0	0	0	0	0	0.98482	0	0	0.15572	0	0	0	0	0	0	0	0	0
Abcb1a	0	0	0	0	0	0	0	0	0	0	0	0	0	0	0	0	0	0	0	0	0	0.2933	0	0	0	0	0	0	0	0	0	0	0	0	0.80531	0	0	0	0	0	0	0	0	0
Abhd2	0	0	0	0	0	0	0	0	0	0	0	0	0	0.76862	0	0.2039	0	0	0	0	0	0	0	0	0	0	0	0	0	0	0	0	0	0	0	0	0	0	0.79975	0	0	0	0	0
Acap1	0	0	0	0	0	0.99702	0	0	0	0	0	0	0	0	0	0	0	0	0	0	0	0	0	0	0	0	0	0	0	0	0	0	0	0	0	0	0	0	0	0	0	0	0	0
Aff1	0	0	0	0	0	0	0	0	0	0	0	0.63266	0	0	0	0	0	0	0	0	0	0	0	0	0	0	0	0	0	0.77664	0	0	0	0	0	0	0	0	0	0	0	0	0	0
Aff4	0	0	0	0	0	0	0	0	0	0	0	0	0	0	0	0	0	0	0	0	0	0	0	0	0	0	0	0.9015	0.34785	-0.22844	0	0	0	0	0	0	0	0	0	0	0	0	0	0
Ago2	0	0	0	0.76368	0	0	0	0	0	-0.21758	0	0	0	0	0	0	0	0.17225	0	0	0	0.70485	0	0	0	0	0	0	0	0.18637	0	0	0	0	0	0	0.74464	0	0	0	0	0	0	0
Akirin2	0	0	0	0	0	0	0	0	0	0	0	0	0	0	0	0	0	0	0	0	0	0	0	0	0	0	0	0	0	0	0	0	0	0.37373	0	0	0	0	0	0	0	0	0	0
Amica1	0	0	0	0	0	0	0	0	0	0	0	0	0	0	0.67451	0	0	0	0	0	0	0	0	0	0	0	0	0	0	0	0	0	0	0	-0.087473	0	0	0	0	-0.29074	0	0	0	0
Ankrd13a	0	0	0	0	0	0.89302	0	0	0	0	0	0	0	0	0	0.17357	0	0	0	0	0	0	0	0	0	0	0	0	0	0	0	0	0	0	0	0	0	0	0	0	0	0	0	0
Apaf1	0	0	0	0	0	0	0	0	0	0	0	0	0	0	0	0	0	0	0	0	0	0	0	0	0.48084	0.99084	0	0	0	0	0	0	0	0	0	0	0	0	0	0	0	0	0	0
Aplp2	0	0	0	0	0.87477	0	0.5461	0	0	0	0	0	0	0	0	0	0	0	0	0	0	0	0	0	0	0	0.63853	0	0	0	0	0	0	0	0	0	0	0	0	0	0	0	0	0
Arap2	0	0	0	0	0	0	0	0	0	0	0	0	0	0	0	0	0	0	0	0	0	0	0	0	0.99677	0	0	0	0	0	0	0	0	0	0.086476	0	0	0	0.94246	0	0	0	0	0
Arhgap15	0	0	0	0	0	0	0	0.85735	0	0	0	0	0	0	0	0	0	-0.92777	0	0	0	0	0	0	0	0	0	0	0	0	0	0	0	0	0	0	0	0	0	0	-0.87273	0	0	0
Arhgap17	0	0	0	0	0	0	0	0	0	0	0	0	0	0.50112	0	0	0.39508	0	0	0	0	0	0	0	0.78984	0	0	0	0	0	0	0	0	0	0	0	0	0	0.82764	0	0	0	0	0
Arhgap9	0	0	0	0	0	0.69866	-0.22675	0	0	0	0	0	0	0	0	0	0	0	0	0	0	0	0	0	0	0	0	0	0	-0.29822	0	0	0	0	0	0	0	0	0	0	0	0	0	0
Arhgdib	0	0	0	0	0	0	0	0	0	0	0	-0.61039	0	0	0	0	0	0	0	0	0	0	0	0	0	0	-0.90031	0	0	0	0	0	0	0	0	0	0	0	0	0	0	0	0	0
Arrb1	0.41139	0	0	0	0	0	0	0	0	0	0	0	0	0	0	0.42121	0	0	0	0	0	0	0	0	0	0	0	0	0	0	0	0	0	0	0.7137	0	0	0	0	0	0	0	0	0
Arrb2	0	0	0	0	0	0	0	0	0	0	0	0	0	0	0	0	0	0	0	0	0	0	0	0	0	0	0	0	0	0	0	0	0	0	0	0	0	-0.27953	0	0	0	0	0	0
Asb2	0	0	0	0	0	0	0	0	0	0	0	0	0	0	0	-0.34964	0	0	-0.29187	0	0	0	0	0	0	0	0	0	0	0	0	0	0	0	0	0	0	0	0	0	0	0	0	0
Atg2a	0	0	0	0	0	0	0	0	0	0	0	0	0	0	0	0	0	0	0	0	0	0	0	0	0	0	0	0	0	0	0	0	0	0	0	0	0.97546	0	0	0	0	0	0	0
Atl2	0	0	0	0	0	0	0	0	0	0	0	0	0	0	0	0	0	0	0	0	0	0	0	0	0	0	0	0	0	0	0	0	0	0	0	0	0	0	0	0	0	0	0.43585	0.1122
Atn1	0	0	0	0	0	0	0	0	0	0	0	0	0	0.38481	0	0	0	0	0	0	0	0	0	0	0	0	0	0	0	0	0	0	0	0	0	0	0	0.81114	0	0	0	0	0	0
Atxn7	0.059255	0	0	0	0	0	0	0	0.37764	0	0	0	0	0	-0.39043	0.81784	0	0	0	0	0	0	0	0	0	0	0	0.95838	0	0	0	0	0	0	0.41359	0	0	0	0	0	0	0	0	0
Azin1	0.81916	0	0	0	0	0	0	0	0	0	0	0	0	0	0	0	0	0	0	0	0	0	0	0	0	0	0	0	0	0	0	0	0	0	0.944	0	0	0	0	0	0	0	0	0
B3galt5	0	0	0	0	0	0	0	0	0	0	0	0	0	0	0	0.60899	0	0	0	0	0	0	0	0	0	-0.8088	0	0	0	0	0	0	0	0	0	0	0	0	0	0	0	0	0	0
B4galt1	0	0	0	0	0	0	0	0	0	0	0	0	0	0	0	0	0	0	0	0	0	0	0	0	0	0.49121	0	0.63154	0	0	0	0	0	-0.62602	0	0	0	0	0	0	0	0	0	0
BC005537	0	0	0	0	0	0	0	0	0	0	0	0	0	0	0	0	0	0	0	0	0	0.78055	0	0	0	0	0	0	0	0	0	0	0	0	0	0	0	0	0	0	0	0	0	0
Bag1	0	0	0	0	0	0	0	0	0	0	0	0	0	0	0	0	0	0	0	0	0	0	0	0	0	0	0	0	0	0	0	0	0	0	0	0	0	0	-0.31469	0	0	0	0	0
Baz1a	0	0	0	0	0	0	0	0	0	0	0	0	0	0	0	0	0	0	0	0	0	0.83529	0	0	0.4093	0	0	0	0	0	0	0	0	0	0	0	0	0	0	0	0	0	0	0
Bcap31	0	0	0	0	0	0	0	0	0	0	0	0	0	0	0	0	0	0	0	0	0.092895	0	0	0	0	0	0	0	0	0	0	0	0	0	0	0	0	0	0	0	0	0	0	0
Bhlhe40	0.53507	0	0	0	0	0	0	0	0	0	0	0	0	0	0	0.36161	0.5727	0	0	0	0	0	0	0	0	0	0	0	0	0	0	0	0	0.46683	0	0.96619	0	0	0	0	0	0	0	0
Bin2	0	0	0	0	0	0	0	0	0	0	0	0	0	0	0	0	0	-0.5388	0	0	0	0	0	0	0	0	0	0	0	0	0	0	0	0	0	0	0	0	0	0	0	0	0	0
Birc2	0	0	0	0	0	0	0	0	0	0	0	0	0	0	0	0	0	0	0	0	0	0	0	0	0	0	0.48411	0	0	0.39182	0	0	0	0	0	0	0	0	0	0	0	0	0	0
Birc3	0	0.26359	0	0	0	0	0	0	0	0	0	0	0	0	0	0	0	0	0	0	0	0	0	0	0	0	0	0	0	0	0	0	0	0	0.98855	0.55682	0	0	0	0	0	0	0.46734	0
Bpnt1	0	0	0.60865	0	0	0	0	0	0	0	0	0	0	0	0	0	0	0	0	0	0	0	0	0	0	0	0	0	0	0	0	0	0	0	0	0	0	0	0	0	0	0	0	0.86016
Brd1	0	0	0	0	0	0	0	0	0	0	0	0	0	0	0	0	0	0.42792	0	0	0	0.54808	0	0	0	0	0	0	0	0.098457	0	0	0	0.22022	0	0	0	0	0	0	0	0	0	0
Bsdc1	0	0	0	0	0	0	0	0	0	0	0	0	0	0	0	0	0	0	0	0	0	0	0	0	0	0	0	0	0	0	0	0	0	0	0	0	0	0	0	0	0	0.056996	0	0
Bzw2	0	0	0	0	0	0	0	0	0	0	0	0	0	0	0	0	0	0	0	0	0	0	0	0	0	0.64289	0	0	0	0	0	0	0	0	0	0	0	0	0	0	0	0	0	0
C030046E11Rik	0	0	0	0	0	0	0	0	0	0	0	0	0	0	0	0	0	0	0	0	0	0.5839	0	0	0	0	0	0	0	0	-0.0029137	0	0	0	0	0	0.23398	0	0	0	0	0	0	0
Cables1	0.41569	0	0	0	0	0	0	0	0	0	0	0	0	0	0	0	0	0	0	0	0	0	0	0	0	0	0.6186	0.43504	0	0	0	0	0	0	0	0	0	0	0	0	0	0	0	0
Calm3	0	0	0	0	0	0	0	0	0	0	0	0	0	0	0	0	0	0	0	0	0	0	0	0	0	0	0	0	0	0	0	0	0	0	0	0	0	-0.65859	0	0	0	0	0	0
Caprin1	0	0	0	0	0	0	0	0	0	0	0	0	0	0	0	0	0	0	0	0	0	0	0	0	0	0	0	0	0	0	0.83791	0	0	0	0	0	0	0	0	0	0	0	0	0
Cblb	0.8541	0	0	0	0	-0.5095	0	0	-0.76558	0	0	0	0.8722	0	0	0	0	0	0.27775	0.17164	0	0	0	0	0	0	-0.28755	0	0	0	0	0	0	0	0	0	0	0	0	0	0	0	0	0
Ccng2	0	0	0	0	0	0	0	0	-0.024213	0	0	0	0	0	0	0	0	0	0	0	0	0	0	0	0	0	0	0	0	0	0	0	0	0	-0.55586	0	0	0	0	0	0	0	0	0
Ccser2	0	0	0	0	0	0	0	0	0	0	0	0	0	0	0	0	0	0	0	0	0	0	0	0	0	0	0	0	0	0	0	0	0	0	0.95592	0	0	0	0	0	0	0	0	0
Cd164	0	0.30656	0	0	0	0	0	0	0	0	0	0	0	0	0	0	0	0	0	0	0	0	0	0	0	0	0	0	0	0	0	0	0	0	0	0	0	0	0	0	0	0	0	0
Cd226	0.66137	0	0	0	-0.14313	0	0	0	0	0	0	0	0	0	0	0	0	0	0	0	0	0	0	0	0	0	-0.086476	0	0	0	0	0	0	-0.81399	0	0	0	0	0	0	0	0	0	0
Cd274	0.38481	0	0	0	0	0	0	0	0	0	0	0	0	0	0	0	0	0	0	0	0	0.88359	0	0	0	0	0	0	0	0	0	0	0	0	0	0	0	0	0	0	0	0	0	0
Cd69	0.86208	0	0	0	0	0	0	0	0	0	0	0.98327	0	0	0	0	0	0	0	0	0.64405	0	0	0	0	0	0	0	0	0	0	0	0	0	0.52222	0	0	0	0	0	0	0	0	0
Cd83	0	0.80056	0	0	0	0	0	0	0	0	0	0.72585	0	0	0	0	0	0	0	0	0	0	0	0	0	0	0	0	0	0	0	0	0	0	0	0	0	0	0	0	0	0	0	0
Cd93	-0.58839	0	0	0	0	0	0	0	0	0.74149	0	0	0	0	0	0.038906	0	0	0	0	0	0	0	0	0	0	0	0	0	0	0	0	0	0	0	0	0	0	0	0	0	0	0	0
Cdip1	0	0	0	0	0	0	0	0	0	0	0	0.57901	0	0	0	0	0	0	0	0	0	0	0	0	0	0	0.91049	0	0	0	0	0	0	0	0	0	0	0	0	0	0	0	0	0
Cdkn1a	0	0	0.9935	0.8541	0	0	0.36797	0	0	0	0	0	0	0	0	0	0	0	0	0	0	0	0	0	0	0	0	0	0	0	0	0	0	0	0	0	0	0	0	0	0	0	0	0
Cept1	0	0	0	0	0	0	0	0	0	0	0	0	0	0	0	-0.26653	0	0	0	0	0	0	0	0	0	0	0	0	0	0	0	0	0	0	0	0	0	0	0	0	0	0	0	0
Chd7	0	0	0	0	0	0	0	0	0	0	0	0.64081	0	0	0	0	0	0	0	0.12359	0	0	0	0	0	0	0	0	0	0.61491	0	0	0	0	0	0	0	0	0	0	0	0	0	0
Chsy1	0	0	0	0	0	0.93565	0	0	0	0	0	0	0	0	0	0	0	0	0	0	0	0	0	0	0	0	0	0	0	0.37135	0	0	0	0	-0.9935	0	0	0	0	0	0	0	0	0
Cish	0	0	0	0	0	0	0	0	0	0	0	0	0.38161	0	0	0	0	0	0	0	0	0	0	0	0	0.82502	0	0	0	0	0	0	0	0	0	0	0	0	0	0	0	0	0	0
Clasp2	0	0	0	0	0	0	0	0	0	0	0	0	0	0	0.81033	0	0	0	0	0	0	0	0	0	0	0	0	0	0	0	0	0	0	0	0	0	0	0	0	0	0	0	0	0
Clcn3	0	0	0	0	0	0	0	0	0	-0.76698	0	0	0	0	0	-0.60544	0	0	0	0	0	0	0	0	0.030508	0	0	0.1112	0	0	0	0	0	0.90835	0.96856	0	0	0.91435	0	0	0	0	0	0
Clec2d	0	0	0	0	0	0	0	0	0	0	0	0	0	0	0	0	0	0	0	0	0	0	0	0	0	0	0	0	0	0	0	0	0	0	-0.95737	0	0	0	0	0	0	0	0	0
Cltc	0	0	0	0	0	0	0.096292	0	0	0	0	0	0	0	0	0	0	0	0	0	0	0	0	0	0	0	0	0	0	0	0	0	0	0	0	0	0	0	0	0	0	0	0	0.63738
Cmip	0	0	0	0	0	0	0	0	0	0.9935	0	0	0	0	0	0	0	0	0	0	0	0	0	0	0	0	0	0	0	0	0	0	0	0	0	0	0	0	0	0	0	0	0	0
Cnn2	0	0	0	0	0	0	0	0	0	0	0	-0.60182	0	0	0	0	0	0	0	0	0	0	0	0	0	0	0	0	0	0	0	0	0	0	0	0	0	0	0	0	0	0	0	0
Cnnm2	0	0	0	0	0	0	0	0	0.49998	0	0	0	0	0	0.43585	0	0	0	0	0	0	0	0	0	0	0.76449	0.8715	0	0	0	0	0	0	0	0	0	0	0	0	0	0	0	0	0
Cox7b	0	0	0	0	0	0	0	0	0	0	0	0	0	0	0	0	0	0	0	0	0	0	0	0	0	0	0	0	0	0	0	-0.21377	0	0	0	0	0	0	0	0	0	0	0	0
Cpeb4	0	0	0	0	0	0	0	0	0	0	0	0.86859	0	0	0.80189	0	0	0	0	0	0	0	0	0	0.99299	0	0	0	0	0	0	0	0	0	0.81399	0	0	0	-0.62566	0	0	0	0	0
Crem	0	0	0	0	0	0	0	0	0	0.99427	0.59878	0	0	0	0	0	0	0	0	0	0	0.59171	0	0	0	0	0	0	0	0	0	0	0	0	0	0.96102	0.36739	0	0	0	0	0	0	0
Ctsd	0	0	0	0	0	0.9914	0	0	0	0	0	0	0	0	0	0	0.75495	0	0	0	0	0	0	0	0	0	0	0	0	0	0	0	0	0	0	0	0	0	0	0	0	0	0	0
Ctsw	0	0	0	0	0	0	0	0	0	0	0	0	0	0	0	0	0	0	0	0	0	0	0	0	0	0	-0.44833	0	0	0	0	0	0	0	0	0	0	0	0	0	0	0	0	0
Cwc25	0	0	0	0.26462	0	0	0	0	0	0	0	0	0	0	0	0	0	0	0	0	0	0	0	0	0	0	0	0	0	0	0	0	0	0	0	0	0	0	0	0	0	0	0	0.7584
Cx3cl1	0	0	0	0	0	0	0	0	0	0	0	0.97766	0	0	0.93027	0	0	0	0	0	0	0	0	0	0	0	0	0	0	0	0	0	0	0	0	0	0	0	0	0	0	0	0	0
Cyfip2	0	0	0	0	0	0	0	0	0	0	0	0	0	0	0	0	0	0	0	0	0	0	0	0	0	0	0	0	0	0	0	0	0	0	0	0	0	-0.50112	0	0	0	0	0	0
Cytip	0	0	0	0	0	0	0	0	0	0	0	0	0	0	0	0	0	0	0	0.46289	0	0.94522	0	0	0	0	0	0.91974	0	0	0	0	0	0	0.12594	0	0	0	0	0	0	0	0	0
Dars	0	0	0	0	0	0	0	0	0	0	0	0	0	0	0	0	0	-0.12022	-0.6878	0	0	0	0	0	0	0	0	0	0	0	0	0	0	0	0	0	0	0	0	0	0	0	0	0
Dcaf7	0	-0.16192	0	0	0	0	0	0	0	0	0	0	0	0	0	-0.65377	-0.49813	0	0	0	0	0	0	0	0	0	0	0	0	0	0	0	0	0	0	0	0	0	0	0	0	0	0	0
Ddx3x	0	0	0	0	0	0	0	0	0	0	0	0	0	0	0.43872	0	0	0	0	0	0	0	0	0	0	0	0	0.81538	0	0	0	0	0	0	0.15753	0.54868	0	0	0	0	0	0	0.66112	0
Ddx6	0	0	0	0	0	0	0	0	0	0	0	0	0	0	0	0	0	0	0	0	0	0	0	0	0	0	0	0	0	0	0	0	0.22912	0	0	0	0	0	0	0	0	0	0	0
Dennd4a	0	0	0	0	0	0	0	0	0	0	0	0	0	0	0	0	0	0	0	0	0	0.9058	0	0	0	0	0	0	0	0	0	0	0	0	0	0	0	0	0	0	0	0	0	0
Dgat1	-0.45763	0.071798	0	0	0	0	0	0	0	0.71399	0	0	0	0	0	0	0	0	0	0	0	0	0	0	0	0	0.39043	-0.53002	0	0	0	0	0	0	-0.49081	0	0	0	0	0	0	0	0	0
Dhx40	0	0	0	0	0.36267	0	0	0	0	0	0	0	0	0	0	0	0	0	0	0	0	0	0	0	0.43252	0	0	0	0	0	0	0	0	0	0.11633	0	0	0	0	0	0	0	0	0
Dnajc15	0	0	0	0	0	0	0	0	0	0	0	0	0	0	0	0	0	0	0	0	0	0	0	0	0	0	0	0	0	0	0	0	0	0	0	0	0	0	0	-0.68211	0	0	0	0
Dot1l	0	0	0	0	0	0	0.4749	0	0	0	0	0	0	0	0	0	0	0	0	0	0	0	0	0	0	0	0.3167	0	0	0	0	0	0	0.21602	0	0	0	0	0	0	0	0	0	0
Dusp1	0	0	0	0	0	0	0	0.92205	0	0	0	0	0	0	0.96737	0.80964	0	0	0	0	0.761	0	0	0	0	0	0	0	0	0	0	0	0	0	0	0	0	0	0	0	0	0	0	0
Dusp16	0.73978	0	0.20725	0	0	0	0	0	0	0	0	0	0	0	0	0	0	0	0	0	0	0	0	0	0	0	0	0	0	0	0	0	0	0	0.76684	0	0	0	0	0	0	0	0	0.27169
Dusp4	0.99735	0	0	0	0	0	0	0	0	0	0	0	0	0	0	0	0	0	0	0	0	0	0	0	0	0	0	0	0	0	0	0	0	0.89247	0	0.66424	0	0	0	0	0	0	0	0
Ece1	0	0	0	0	0	0	0	0	0	0	0	0	0	0	0.93565	0.5344	0	0	0	0	0	0	0	0	0	0	0	0.64682	0	0	0	0	0	0	0	0	0	0	0	0	0	0	0	0
Edem1	0	0	0	0	0	0	0	0	0	0	0.82502	0	0	0	0	0	0	0	0	0	0	0	0	0	0	0	0	0	0	0	0	0	0	0	0	0	0	0	0	0	0	0	0	0
Eef1b2	0	0	0	0	0	0.81354	0	0	0	0	0	0	0	0	0	0	0	0	0	0	0	0	0	0	0	0	0	0	0	0	0	0	-0.26522	0	0	0	0	0	0	0	0	0	0	0
Eef2k	0	0	0	0	0	0	0	0	0	0	0	0	0	0.043861	0	0	0	0	0	0	0	0	0	0	0	0	0	0	0	0	0	0	0	0	0.84709	0	0	0	0	0	0	0	0	0
Ell2	0	0	0.56089	0	0	0	0	0.73867	0	0	0	0	0	0	-0.66112	0.79863	0	0	0	0	0	0.39182	0	0	0	0.088906	0	0	0.76239	0	0	0	0	0	0	0.82347	0	0	0	0	0	0	0.71999	0.49319
Elovl5	0	0	0	0	0	0.71971	0	0.50112	0	0	0	0	0	0	0	0	0	0.45763	0	0	0	0	0	0	0	0	0	0	0	0	0	0	0	0	0.64902	0	0	0	0	0	0	0	0	0
Emb	0	0	0	0	0	0	0	0	-0.98146	0.4505	0	0	0	0	-0.79123	0.7728	0	0.45304	0	0	0	0	0	0	0	0	0.7326	0	0	0	0	0	0	0	0.96469	0	0	0	0	0	0	0	0	0
Emd	0	0	0.73316	0	0	0	0	0	0	0.57225	0	0	0	0	0	0	0	0	0	0	0	0	0	0	0	0	0	0	0	0	0	0	0	0	0	0.37172	0	0	0	0	0	0	0	0
Epas1	0	0	0	0	0	0	0	0	0	0.44947	0	0	0	0	0	0	0	0	0	0	0	0	0	0	0	0	0	0	0	0	0	0	0	0	0	0.7792	0	0	0	0	0	0	0	0
Epb4.1	0	0	0	0	0	0	0	0	0	0	0	0	0	0	0	0	0	0	0.3823	0	0	0	0	0	0	0	0	0	0	0	0	0.69866	0	0	0	0	0	0	0	0	0.38286	0	0	0
Eprs	0	0	0	0.39	0	0	0	0	0	0	0	0	0	0	0	0	0	0	0	0	0	0	0	0	0	0	0	0	0	0	0	0	0	0	0.92431	0	0	0	0	0	0	0	0.39266	0.87956
Epsti1	0	0	0	0	0.67202	0	0	0	0	0	0	0	0	0	0	0	0	-0.36549	0	0	0	0	0	0	0	0	0	0	0	0.99243	0	0	0	0	0	0	0	0	0	0	0	0	0	0
Erbb2ip	0	0	0	0	0	0	0	0	0	0	0	0	0	0	0	0	0	0	0	0	0.99677	0	0	0	0	0	0	0	0	0	0	0	0	0	0	0	0	0	0	0	0	0	0	0
Ern1	0	0	0	0.65935	0	0	0	0	0	0	0	0	0	0	0	0	0	0	0	0	0.47387	0.8337	0	0	0	0	0.9949	0	0	0	0	0	0	0	0	0	0	0	0	0	0	0	0	0
Esyt2	0	0	0	0	0	0	0	0	0	0	0	0	0	0	0	0	0	0	0	0	0.061592	0	0	-0.48411	0	0	0	0	0	0	0	0	0	0	0	0	0	-0.59983	0	0	0	0	0	0
Etnk1	-0.77664	0	0	0	0	0	0	-0.96965	0	0	0	0	0	0	0	-0.73607	0	0	0	0	0	0	0	0	0	0	0	0.81916	0	0	0	0	0	0	0.86261	0	0	0	0	0	0	0	0	0
Ets2	0	0	0	0	0	0	0	0	0	0	0	0	0	0	0	0	0	0	0	0	0	0.27552	0	0	0	0.94246	0	0	0	0.4363	0	0	0	0	0	0	0	0	0	0	0	0	0	0
Etv6	-0.50742	0	0	0	0	0	0	0	0	0.73926	0	0	0	0	0	0	0	0	0	0	0	0	0	0	0.96212	0	0.80734	0	0	0	0	0	0	0	-0.1577	0	0	0	0	0	0	0	0	0
Ezr	0.5605	0	0	0	0	0	0	0	0	0	0	0	0	0	0.4191	0	0	0	0	0.87588	0	0	0	0	0	0	0	0	0	0.90975	0	0	0	0	-0.53724	0	0	0	0	0	0	0	0	0
Fam129a	0	0	0	0	0	0	0	0	0.97853	0	0	0	0	0	0	0	0	0	-0.79358	-0.83436	0	0	0	0	0	0	0	0	0	0	0	0	0	0	0.95838	0	0	0	0	0	0	0	0	0
Fam189b	0	0	0	0	0	-0.49121	0	0	0	0	0	0	0	0	0	0	0	-0.53658	0	0	0	0	0	0	0	0	0	0	0	0	0	0	0	0	0	0	0	0	0	0	0	0	0	0
Fam46a	0	0	0	0	0.67778	0	0	0	0	0	0	0	0	0	0	0	0	0	0	0	0	0	0	0	0	0	0	0	0.78101	0	0	0	0	0	0	0	0	0	0	0	0	0	0	0
Fasl	0	0	0	0	0	0.028888	0	0	0	0	0	0	0	0	0	0	0	0	0	0	0	0	0	0	0	0	0	0	0	-0.19137	0	0	0	0	0	0	0	0	0	0	0	0	0	0
Fcho2	0	0	0	0	0	0	0	0	0	0	0	0	0	0	0	0	0	0	0	0	0	-0.085416	0	0	0	0	0	0	0	0	0	0	0	0	0	0	0	0	0	0	0	0	0	0
Fes	0	0	0	0	0	0	0	0	0	0	0	0	0	0	0	0.49131	0	0	0	0	0	0	0	0	0	0	0	0	0	0	0	0	0	0	0	0	0	0	0	0	0	0	0	0
Flna	0	0	0	0	0	0	0	0	0	0	0	0	0	0	0	0.66719	0	0	0	0	0	0	0	0	0	0	0	0	0	0	0	0	0	0	0	0	0	0	0	0	0	0	0	0
Fnbp1	0	0	0	0	0	0	0	-0.88654	0	0	0	0	0	0	0	0.44032	0	0	0	0	0	0	0	0	0	0	0	0	0	0	0	0	0	0	0	0	0	0	0	0	0	0	0	0
Fos	0	0	0	0	0	0	0	0	0.95041	0	0	0	0	0	0.49397	0	0	0	0	0.62925	0	0	0	0	0	0	0	0	0	0	0	0	0	0	0	0	0	0	0	0	0	0	0	0
Foxo1	0.25266	0	0	0	0	0	0	0	0	0	0	0	0	-0.76909	0	0	0	0	0	0	0	0	0	0	0	0	0	0	0	0	0	0	0	0	0	0	0.75436	0	0	0	0	0	0	0
Fryl	0.22675	0	0	0	0	0	0	-0.81114	0	0	0	0	0	0	0	0	0	0	0	0	0	0	0	0	0	-0.41669	0	0	0	0	0	0	0	0	0	0	0	0	0	0	0	0	0	0
Furin	0	0	0	0	0	0	0	-0.96469	0.32297	0	0	0	0	0	0	0.6186	0	0	0	0	0	0	0	0	0	0.9027	0.97325	0	0	0	0	0	0	0.68256	0	0	0	0	0	0	0	0	0	0
Gch1	0	0	0	0.7235	0	0	0	0	0	0	0	0.026145	0	0	0	0	0	0	0	0	0	0	0	0	0	0	0	0	0	0	0	0	0	0	0	0	0	0	0	0	0	0	0	0
Gcnt2	0.82194	0	0	0	0	0	0	0	0	0	0	0	0	0	0.82819	0	0	0	0	0	0	0	0	0	0	0	0	0.77047	0	0	0	0	0	0	0	0	0	0	0	0	0	0	0	0
Gimap1	0	0	0	0	0	0	0	0	0	0	0	0	0	0	0	0	0.23054	0	0	0	0	0	0	0	0	0	0	0	0	0	0	0	0	0	0	0	0	-0.64166	0	0	0	0	0	0
Gimap3	0	0	0	0	0	0	0	0	0	0	0	-0.25997	0	0	0	0	0	0	0	0	0	0	0	0	0	0	0	0	0	0	0	0	0	0	0	0	0	0	0	0	0	0	0	0
Gimap6	0	0	0	0	0.7711	0	0	0	0	0	0	-0.20072	0	0	0	0	0	0	0	0.060128	0	0	0	0	0	0	0	0	0	0.9634	0	0	0	0	0	0	0	0	0	0	0	0	0	0
Gimap7	0	0	0	0	0.85888	0	0	0	0	0	-0.1857	-0.1469	0	0	0	0	0	0	0	0	0	0	0	0	0	0	0	0	0	0.88218	0	0	0	0	0	0	0	0	0	0	0	0	0	0
Gimap8	0	0	0	0	0	0	0	0	0	0	0	0	0	0	0	0	0	0	0	0	0	0	0	0	0	0	0	0	0	0	0	0	0	0	0	0	0	-0.28084	0	0	0	0	0	0
Gjb2	0.97853	0.51465	0	0	0	0	0	0	0	0	0	0	0	0	0	0	0	0	0	0	0	0	0	0	0	0	0	0	0	0	0	0	0	0	0.96737	0	0	0	0	0	0	0	0	0
Glipr2	0	0	0	0	0	0	0	0	0	0	0	0	0	0	0	0.80964	0	0	0	0	0	0	0	0	0	0	0	0	0	0	0	0	0	0	0	0	0	0	0	0	0	0	0	0
Gna13	0	0	0.88724	0	0	0	0	0	0	0	0	0.61656	0	0	0	0	0	0	0	0	0	0	0	0	0	0	0	0	0	0	0	0	0	0	0	0	0	0	0	0	0	0	0	0
Gpr132	0	0.74464	0	0.20199	0	0	0	0	0	0.4717	0	0	0	0	0	0	0	0	0	0	0	0	0	0	0	0	0	0	0	0	0	0	0	0	0	0	0	0	0	0	0	0	0	0
Gramd3	0	0	0	0	0	0	0	0	0	0	0	0	0	-0.82666	0	0	0	0	0	0	0	0	0	0	0	0	0	0	0	0	0	0	0	0	0	0	0	0	0	0	0	0	0	0
Grb2	0	0	0	0	0	0	0	0	0	0	0	0	0	0	0	0	-0.40439	0	0	0	0	0	0	0	0	0.91758	0	0	0	0	0	0	0	0	0	0	0	0	0	0	0	0	0	0
Grcc10	0	0	0	0	0	0	0	0	0	0	0	0	0	0	0	0	0	0	0	0.91248	0	0	0	0	0	0	0	0	0	0	0	0	0	0	0	0	0	0	0	0	0	0	0	0
Gtpbp1	0	0	0	0	0	0	0	0	0	0	0	0	0	0	0	0	0	0.54163	0	0	0	0	0	0	0	0	0	0	0	0.83694	0	0	0	0	0	0	0	0	0	0	0	0	0	0
Gzmb	0	0	0	0	0	0	0	0	0	0	0	0	0	0	0	0	0	0	0	0	0	0	0	0	0	0	0	0	0	0.99846	0	0	0	0	0	0	0	0	0	0	0	0	0	0
Gzmc	0.8493	0	0	0	0	0	0	0	0	0	0	0	0	0	0	0	0	0	0	0	0	0	0	0	0	0	0	0	0	0	0	0	0	0	-0.3838	0	0	0	0	0	0	0.53535	0	0
Hccs	0	0	0	0	0	0	0	0	0	0	0	0	0	0	0	0	0	0	0	0	0	0	0	0	0	0	0	0	0	0	0	0	0	0	0	0.3823	0	0	0	0	0	0	0	0.45678
Hivep1	0	0	0	0	0	0	0	0	0	0	0	0.71505	0	0	0	0	0	0	0	0	0	0	0.24797	0	0	0	0	0	0	0	0	0	0	0.94763	0	0	0	0	0.25612	0	0	0	0	0
Hk2	0	0	0	0	0	0	0	0	0	0	0	0	0	0	0.81686	0	0	0	0	0	0	0	0	0	0	0	0	0	0	0	0	0	0	0.96965	0	0	0	0	0	0	0	0	0	0
Hspa13	0	0	0.25519	0	0	0	0	0	0	0	0	0	0	0	0	0	0	0	-0.03431	0	0	0	0	0	0	0	0	0	0	0	0	0	0	0	0	0	0	0	0	0	0	0	0	0
Hspa1a	0.25382	0	0	0	0	0	0	0	0	0	0	0	0	0.15028	0	0	-0.25347	0	0	0	0	0	0	0	0	0	0	0.42121	0	0	0	0	0	0	0	0	0	0	0	0	0	0	0	0
Hspa1b	0.61745	0	0	0	0	0	0	0	0	0	0	0	0	0	0.61106	0	0.43735	0	0	0	0	0	0	0	0	0	0	0	0	0	0	0	0	0	0	0	0	0	0	0	0	0	0	0
Hspa4	0	0	0	0	0	0	0	0	0	0	0	0	0	0	0	0	0	0	0	0	0	0	0	0	0	0.77315	0	0	0	0	0.62102	0	0	0	0	0	0	0	0	0	0	0	0	0
Icam1	0	0	0	0	0	0	0	0	0	0	0	0	0	0	0	0	0.12831	0	0	0	0	0	0	0	0	0	0	0	0	0	0	0	0	0.94763	0	0	0	0	0	0	0	0	0	0
Ifnar1	0	0	0	0	0	0	0	0	0	0	0	0	0	0	0	0	0	0.47446	0	0	0	0	0.15326	0	0	0	0	0	0	0	0	0	0	0	0	0	0	0	0	0	0	0	0	0
Igf2r	0	0	0	0	0	0	0	-0.89704	0	0	0	0	0	0	0	0	0	0	0	0.86597	0	0	0	0	0	0	0.82442	0	0	0.91049	0	0	0	0	-0.53101	0	0	0	0	0	0	0	0	0
Igsf5	0	0	0	0	0	0	0	0	0	0	0	0	0	0	0	0	0	0	0	0	0	0	0	0	0	0	0	0.30541	0	0	0	0	0	0	0	0	0	0	0	0	0	0	0	0
Ikzf3	-0.38817	0	0	0	0	0	0	0	0.30368	0	0	0	0	0	0	0	0	0	0	0	0	0	0	0	0	0.26745	0	0.34149	0	0	0	0	0	0	0	0	0	0	0	0	0	0	0	0
Il16	0	0	0	0	0	0	0	0	0	0	0	0	0	0	0	0	0	0	0	0	0	0	0	0	0	0	0	0	0	0	0	0	0	0.74071	0	0	0	0	0	0	0	0	0	-0.37602
Il17a	0	0	0	0	0	0	0	0.87007	-0.42005	0	0	0	0	0	0	0	0	0	0	0	0	0	0	0	0	0	0	0	0	0	0	0	0	0	-0.022951	0	0	-0.14758	0	0	0	0	0	0
Il17f	0.33091	0	0	0	0	0	0	0	0	0.37172	0	0	0	0	0	0	0	0	0	0	0	0	0	0	0	0	0	0.48674	0	0	0	0	0	0	0	0	0	0.95592	0	0	0	0	0	0
Il2ra	-0.6959	0	0	0	0	0	0	-0.27907	0.98788	0	0	0	0	0	0.84883	0	0	0	0	0	0	0	0	0	0	0	0.11309	0	0	0	0	0	0	0	0.098239	0	0	0.97546	-0.98406	0	0	0	0	0
Il2rb	0	0	0	0	0	0.15572	0	0	0	0	0.78792	0	0	0	0	0	0	0	0	0	0	0	0	0	0	0	0	0.83012	0	0	0	0	0	0	0	0	0	0	0	0	0	0	0	0
Il4ra	0.8595	0	0	0	0	0	0	0.50506	0	0	0.013509	0	0	0	0	0	0	0	0	-0.40419	0	0	0	0	0	0	0	0	0	0	0	0	0	0	-0.40681	0	0	0	0	0	0	0	0	0
Impa1	0.66458	0	0	0	0	0	0	0	0	0	0	0	0	0	0	0	0	0	0	0	0	0	0	0	0	0	0	0	0	0	0	0	0	0	0.63043	0	0	0	0	0	0	0	0	0
Ipcef1	0.26483	0	0	0	-0.45793	0	0	0	0	0	0	0	0	0	0	0	0	0	0	0	0	0	0	0	0	0	0	0	0	0.95592	0	0	0	-0.32847	0	0	0	-0.37021	0.85838	0	0	0	0	0
Irak2	-0.15545	0	0	0	0	0	0	0	0	0	0	0	0	0	0.57019	0	0	0	0	0	0	0	0	0	0	0	0	0	0	0	0	0	0	0	0	0	0	0.86396	0	0	0	0	0	0
Irf1	0	0	0	0	0	0	0	0	0	0	0	0	0	0	0	0	0.83345	0	0	0	0	0	0	0	0	0	0	0	0	0	0	0	0	0	0	0	0	0	0	0	0	0	0	0
Itgav	0	0	0	0	0	0	0	0.78244	0	0	0	0	0	0	0	0.80175	0	0	0	0	0	0	0	0	0	0	0	0	0	0	0	0	0	0.81161	0	0	0	0	-0.39476	0	0	0	0	0
Itgb2	0	0	0	0	-0.83062	-0.14573	0	0	0	0	0	0	0	0	0	0	0	0	0	0	0	0	0	0	0	0	0	0	0	0	0	0	0	0	-0.98724	0	0	0	0	0	0	0	0	0
Itgb3	0	0	0	0	0.84523	-0.86396	0	0	0	0	0	0	0	0	-0.69316	0	0	0	0	0	0	0	0	0	0	0	0	0	0	0	0	0	0	0	0	0	0	0	0	0	0	0	0	0
Itih5	0	0	0	0	0	0	0	0	0	0	0	0	0	0.44802	0	0	0	0	0	0	0	0	0	0	0	0	0	0	0	0	0	0	0	0	0	0	0	0	0	0	0	0	0	0
Itk	0	0	0	0	0	0	0	0	0	0	0	0	0	0	0	0	0	0	0	0	0	0	0	0	0	0.90416	0	0	0	0.97217	0	0	0	0	0	0	0	0	0	0	0	0	0	0
Itpkb	0	0	0	0	0	0	0	0	0	0	0	0	0	0	0	0	0	0	0	0	0	0	0	0	0	0	0	0	0	0	0	0	0	0	-0.5967	0	0	0	0	0	0	0	0	0
Ivns1abp	0	0	0	0	0	0	0	0	0	0	0	0	0	0	0	0	0	0	0	0	0	0	0	0	0	0.40481	0	0	0	0	0	0	0	0	0	0	0	0	0	0	0	0	0	0
Jak2	0	0	0	0	0	0	0	0	0	0	0	0	0	0	0	0	0	0	0	-0.92431	0.54808	0.8493	0	0	0	0	0	0	0.50645	0	0	0	0	0	0	0	0	0	0	0	0	0	0	0
Jmy	0	0	0	0.26653	0	0	0	0	-0.45087	0	0	0	0	0	0	0	0	0	0	0	0	0	0	0	0	0	0	0	0	0	0	0	0	0	0	0	0	0	0	0	0	0	0.42918	0
Jun	0	0	0	0	0	0	0	0.94522	0	0	0	0	0	0.12214	0	0.1112	0.99243	0	0	0	0.68691	0	0	0	0	0	0	0	0	0	0	0	0	0	0	0	0	0	0	0	0	0	0	0
Jund	0	0	0	0	0	0	0	0	0	0	0	0	0	0	0.99952	0	0	0	0	0.40818	0.93306	0	0	0	0	0	0	0	0	0	0	0	0	0	0	0	0	0	0	0	0	0	0	0
Kctd12	0	0.22057	0	0	0	0	0	0	0	0	0	0	0	0	0	0	0	0.96737	0	0	0.63618	0	0	0	0	0	0	0	0	0	0	0	0	0	0	0	0	0	0	0	0	0	0	0
Kdm2b	0	0	0	0.61985	0	0	0	0	0	0	0	0	0	0	0	0	0	0	0	0.27652	0	0	0.93183	0	0	0	0	0	0	0	0	0	0	0	0	0	0.71945	0	0	0	0	0	0	0
Kdm6b	0	0	0	0.99586	0	0	0	0	0	0	0	0.57982	0	0	0	0	0	0.55816	0	0	0	0	0	0	0	0	0.7308	0	0	0	0	0	0	0	0	0.93565	0	0	0	0	0	0	0	0
Kif1b	0	0.42714	0	0	0	0	0	0	0	0	0	0	0	0	0	0	0	0	0	0	0	0	0	0	0	0	0	0	0	0	0	0	0	0	0	0	0	0	0	0	0	0	0	0
Kit	0.097227	0	0	0	0	0	0	0	0	0	0	0	0	0	0	0	0	0	0	0	0	0	0	0	0	0	0	0	0	0	0	0	0	0.92663	0.94246	0	0	0	0	0	0	0	0	0
Klf13	0	0	0	0	0	0	0	0	0	0	0	-0.54721	0	0	0	0	0	0	0	0	0	0	0	0	0	-0.041025	0	-0.70072	0	0	0	0	0	0	0	0	0	0	0	0	0	0	0	0
Klf2	0	0	0	0	0	0	0	0	0	0	0	0	0	0	0	0	0.88581	0	0	0	0	0	0	0	0	0	0	0	0	0	0	0	-0.43116	0	0	0	0	0	0	0	0	0	0	0
Klf6	0	0	0	0	0	0	0	0	0	0	0	0	0	0	0.45623	0	0.8753	0	0	0	0	0	0	0	0	0	0	0	0	0	0	0	0	0	0	0	0	0	0	0	0	0	0	0
Klrb1b	0.98563	0	0	0	0	0	0	0	0	0	0	0	0	0	0	0	0	0	0	0	0	0	0	0	0	0	0	0	0	0	0	0	0	0	0	0	0	0	0	0	0	0	0	0
Klrb1c	0	0	0	0	-0.84849	0	0	0	0	0	0	0	0	0	0	0	0	0	0	0	0	0	0	0	0	-0.84247	0	0	0	0.84883	0	0	0	0	-0.49684	0	0	0	0	0	0	0	0	0
Klrb1f	0	0	0	0	0	0	0	0	0	0	0	0	0.057697	0	0	0	0	0	0	0	0	0	0	0	0	0	0	0	0	0	0	0	0	0	0	0	0	0	0	0	0	0	0	0
Kpna1	0	0	0.084138	0	0	0	0	0	0	0	0	0	0	0	0	0	0	0	0	0	0	0.98249	0	0	0	0	0	0	0	0	0	0	0	0	0	0.92315	0	0	0	0	0	0	0	0
Larp1	0	0	0	0	0	0	0	0	0	0	0	0	0	0	0	0	0	0	0	0	0	0	0	0	0	0	0	0	0	0	0.6076	0	0	0	0	0	0	0	0	0	0	0	0	0
Lats2	0.83987	0	0	0	0	0.89037	0	0	0	0	0	0	0	0	0.76909	0	0	0	0	0	0	0	0	0	0	0	0	0	0	0	0	0	0	0	0	0	0	0	0	0	0	0	0	0
Lemd3	0	0	0	0	0	0	0	0	0	0	0.23755	0	0	0	0	0	0	0	0	0	0	0	0	0	0	0	0	0	0	0	0	0	0	0	0	0	0	0	0	0	0	0	0	0
Lgals1	0	0	0	0	0	0	0	0	0	0	0	0	0	0	0	0.65717	0	0	0.877	0	0	0	0	0	0	0	0	0	0	0	0	0	0	0	0	0	0	0	0	0	0	0	0	0
Lilrb4	0	0	0	0	0	0	0	0	0	0	0	0	0	0	0	0	0	0	0	0	0	0	0	0	0	0	0	0	0	0	0	0	0	0	0	0	0	0	-0.60305	0	0	0	0	0
Limd2	0	0	0	0	0	0	0	0	0	0	0	0	0	0	0	0	0	0	0	0	0	0	0	0	0	0.4093	0	0	0	0	0	0	0	0	0	0	0	0	0	0	0	0	0	0
Lin54	0	0	0	0	0	0	0	0	0	0	0	0	0	0	0	0	0	0	0	0	0	0	0	0	0	0	0	0	0	0.88679	0	0	0	0	0	0	0	0	0	0	0	0	0	0
Litaf	0	0	0.62484	0	0	0	0	-0.60444	0	0	0	0	0	0	0	0	0	0	0	0	0	0	0	0	0	0	0	0	0	0.8735	0	0	0	0	0	0	0	0	0	0	0	0	0	0
Lrrc59	0	0	0	0	0	0	0	0	0	0	0	0	0	0	0	0	0	0	0	0	0	0	0	0	0	0	0	0	0	0	0	0	0	0	0	0	0	0.049922	0	0	0	0	0	0
Lrrc8d	0	0	0	0	0	0	0	0	0	0	0	0	0	0	0	0	0	0.94522	0	0	0	0.87817	0	0	0	0	0	0	0	0	0	0	0	0	0	0	0.47689	0	0	0	0	0	0	0
Lta4h	0	0	0	0	0	0	0	0	0	0	0	0	0	0	0	0	0	0	0	0.98249	0	0	0	0	0	0	-0.57934	0	0	0	0	0	0	0	0	0	0	0	0	0	0	0	0	0
Lyn	0	0	0	0	0	0	0	0	0	0	0	0	0	0	0	0	0	0.66368	0	0	0	0	0	0	0	0	0	0	0	0.68898	0	0	0	0	0	0.61624	0	0	0	0	0	0	0	0
Macf1	0	0	0	0	0	0	0	0	0	0	0	0	0	0.26927	0.64514	0.82716	0	0	0	0	0	0	0	0	0	0	0	0	0	0	0	0	0	0	0	0	0	-0.48225	0	0	0	0	0	0
Madd	0	0	0	0	0	0	0	0	0	0	0	0	0	0	0	0	0	0	0	0	0	0	0	0	0	0	0	0	0	0	0	0	0	0	0	0	0	0	0.51915	0	0	0	0	0
Malt1	0	0	0	0	0	0.6797	0	-0.99039	0	0	0	0	0	0	0	0	0	0	0	0	0	0	0	0	0	0	0	0	0	0.59925	0	0	0	0	-0.97666	0	0	0	0	0	0	0	0	0
Maml1	0	0	0	0	0	0	0	0	0	0	0.16938	0	0	0	0	0	0	0	0	0	0	0	0	0	0	0	0	0	0	0	0	0	0	0	0	0	0	0.33478	0	0	0	0	0	0
Map3k1	0	0	0	0	0.27706	0	0	0	0	0	0	0	0	0	0	0	0	0	0.19526	0	0	0	0.6959	0	0	0	0	0	0	0.76639	0	0	0	-0.93027	0	0	0	0	0	0	0	0	0	0
Map3k14	0	0	0	0	0	0	0	0	0	0.80768	0	0	0	0	0.087473	0.48571	0.68501	0	0	0	0	0	0	0	0	0	0	0	0	0	0	0	0	0	0	0	0	0	0	0	0	0	0	0
Map3k3	0	0	0	0	0	0	0	0	0	0	0	0	0	0	0	0	0	0	0	-0.66946	0	0	0	0	0	0.31832	0	0	0	0	0	0.60555	0	0	0	0	0	0	0	0	0	0	0	0
Mapk14	-0.66424	0	0	0	0	0	0	0	0	0	0	0	0	0	0	0	0	0	0	0	0	0	0	0	0	0	0	0	0	0	0	0.19693	0	0	0	0	0	0	-0.49378	0	0	0	0	0
Mapkapk2	-0.62602	0.26522	0	0	0	0	0	0	0	0	0	0	0	0	0	0	0	0	0	0	0	0	0	0	0	0	0	0	0	0.9027	0	0	0	0	0.34673	0	0	0.98406	0	0	0	0	0	0
Mapkapk3	0	0	0	0	0	0	0	0.7728	0	0	0	0.066656	0	0	0	0.4972	0	0	0	-0.74864	0	0	0	0	0	0	0.59983	0	0	0	0	0	0	0	-0.36797	0	0	0	0	0	0	0	0	0
Marcksl1	0	0	0	0	0	0	0	0	0	0	0	0.95737	0	0	-0.59156	0	0	0	0	0	0	0	0	0	-0.98035	0	0	0	0	0	0	0	0	0.84709	0	0	0	0	0	0	0	0	0	0
Mbp	-0.71591	0	0	0	0	0	0	0.72227	0.31014	0	0	0	0	0	0	0.88052	0	0	0	0	0	0	0	0	0	0	0	0	0	-0.21602	0	0	0	0	-0.31242	0	0	0	0	0	0	0	0	0
Mbtd1	0	0	0	0	0	0	0	0	0	0	0	0	0	0	0	0	-0.34006	0	0	0	0	0	0	0	0	0	0	0	0	0	0	0	0	0	0.98146	0	0	0	0	0	0	0	0	0
Mcm6	0	0	0	0	0	0	0	0	0	0	0	0	0	0	0	0	0	-0.31342	0.9634	0	0	0	0	0	0	0	0	0	0	0	0	0	0	0	0	0	0	0	0	0	0	0	0	0
Med13	0	0	0	0	0	0	0	0	0	0	0.022421	0.81631	0	0	0	0	0	0	0	0	0	0	0	0	0	0	0	0	0	0	0	0	0	0	0	0	0	0	0	0	0	0	0	0
Med13l	0	0	0	0	0	0	0	0	0	0	0	0	0	0	0	0	0	0	0	0	0	0	0	0	0	0	0	0	0	0	0	0.5827	0	0	0	0	0	0	0	0	0	0	0	0
Mex3c	0	0	0	0	0	0	0	-0.80335	0	0	0	0	0	0	0	0.93967	0	0	0	0	0	0	0	0	0	0	0	0	0	0	0	0	0	0	0	0	0	0	0	0	0	0	0	0
Mfsd6	0.87817	0	0	0	0	0	0	0	-0.87417	0	0	0.36663	0	0	-0.7137	0.52222	0	0	0	0	0	0	0	0	0	0	0.58163	0	0	0	0	0	0	0	0.022125	0	0	0	0	0	0	0	0	0
Mgat4a	0	0	0	0	0	0	0	-0.98976	0	0.37172	0	0	0	0	0.86396	-0.77364	0	0	0.31242	0	0	0	0	0	0	0	0	0	0	0	0	0	0	0	0.66918	0	0	0	0.84224	0	0	0	0	0
Mgea5	0	0	0	0	0	0	0	0	0	0	0	0	0	0	0	0	0	0	0	0	0	0	0	0	0	0	0	0	0	0	0	0	0	0	0	0	0	0	0	0	0	0.74227	0	0
Midn	0	0	0	0	0	0	0	0	0	0	0	0	0	0.56089	0	0	0	0	0	0	0	0	0	0	0	0	0	0	0	0	0	0	0	0	0	0	0	0	0	0	0	0	0	0
Mlxip	0.29074	0	0	0	0	0	0	0	0	0	0	0	0	0	0	0	0	0.92663	0	0	0	0	0	0	0	0	0	0	0	0	0	0	0	0	0	0	0.092895	0	0	0	0	0	0	-0.28475
Mmd	0	0	0	0	0	0	0	0	0	0	0	0	0	0	0	0	0	0	0	0.67703	0	0	0	0	0	0	0	-0.63341	0	0.971	0	0	0	-0.70754	0	0	0	0	0	0	0	0	0	0
Ms4a6b	0	0	0	0	0	0	0	0	0	0	0	0	0	0	0	0	0	0	0	0	0	0	0	0	0	0	-0.79777	0	0	0	0	0	0	0	0	0	0	0	0	0	0	0	0	0
Mtmr12	0.92544	0	0	0	0	0	0	0	0	0	0	0	0	0	0	0	0	0	0	0	0	0	0	0	0	0	0	0.60916	0	0.47689	0	0	0	0	0	0	0	0	0	0	0	0	0	0
Myo1e	0.58313	0	0	0	0	0	0	0	0.73299	0	0	0	0	0	0	0	0	0	0	0	0	0	0	0	0	0	0	0	0	0	0	0	0	0	0	0	0	0	0	0	0	0	0	0
Ncoa7	0	0	0	0	0	0	0	0	0	-0.25207	0	0	0	0.76973	0.09034	0	0	0	0	0	0	0	0	0	0	0	0	0.046931	0	0	0	0	0	0	0.97325	0	0	0.56681	0	0	0	0	0	0
Ncr1	0	0	0	0	0.90835	0.84171	0	0	0	0	0	0	0.67451	0	0	0	0	0	0	0	0	0	0	0	0	0	0	0	0	0	0	0	0	0	0	0	0	0	0	0	0	0	0	0
Ndufb5	0	0	0	0	0	0	0	0	0	0	0	0	0	0	0	0	0	0	0	0	0	0	0	0	0	0	0	0	0	0	0	-0.63769	0	0	0	0	0	0	0	0	0	0	0	0
Neurl3	0.62925	0.56217	0	0	0	0	0	0	0	0	0	0	0	0	0	0	0	0.82396	0	0	0	0	0	0	0	0	0	0	0	0.76379	-0.63266	0	0	0	0	0	0	0	0	0	0	0	0	0
Nfat5	0	0	0	0	0	0	0	-0.72842	0	0	0	0	0	0	0	0	0	0	0	0	0	0	0	0	0	0	0	0	0	0	0	0	0	0.70005	0	0	0	0	0	0	0	0	0	0
Nfkb1	0	0	0	0	0	0	0	0	0	0	0	0	0	0	0	0	0	0	-0.63118	0	0	0	0	0	0	0	0	0	0	0	0	0	0	0	0.043503	0	0	0	0	0	0	0	0	0
Nfkb2	0	0.048909	0.38718	0.80023	0	0	0	0	0	0	0	0	0	0	0	0	0	0	0	0	0	0	0	0	0	0	0	0	0	0	0	0	0	0.98724	0	0	0.34006	0	0	0	0	0	0	0
Nfkbia	0	0	0	0	0	0	0	0	0	0	0	0	0	0	0	0	0	0	0	0	0.82716	0	0	0	0	0	0	0	0	0	0	0	0	0	0	0	0	0	0	0	0	0	0	0
Nfkbie	0	0.7106	0	0.12022	0	0	0	0	0.3485	0	0	0.54765	0	0	0	0	0	0	0	0	0	0	0	0	0	0	0	0	0	0	0	0	0	0.62819	0	0	0	0	0	0	0	0	0	0
Nlrc5	0	0	0	0	0	0	0	0	0	0	0	0	0	0	0	0	0	0	0	0	0	0	0.47605	0	0	0	0	0	0	0	0	0	0	0	0	0	0	0	0	0	0	0	0	0
Nme1	0	0	0	0	0	0	0	0	0	0	0	0	0	0	0	0	0	0	0	0	0	0	0	0	0	0	0	0	0	0	0	-0.944	0	0	0	0	0	0	0	0	0	0	0	0
Notch2	0	0	0	0	0	0	0	0	0	0	0	0.69866	0	0	0	-0.1179	0	0	0	0	0	0	0	0	0.87817	0.83062	0	0	0	0	0	0	0	0	0	0	0	0	-0.83694	0	0	0	0	0
Npm1	0	0	0	0	0	0.2051	0	0	0	0	0	0	0	0	0	0	0	0	0	0	0	0	0	0	0	0	0	0	0	0	0.53761	0	0	0	0	0	0	0	0	0	0	-0.85296	0	0
Nr1d2	0.9914	0	0	0	0	0	0	0	0	0	0	0.081661	0	0	0	0.089825	0	0	0	0	0	0	0	0	0	0	0	0	0	0	0	0	0	0	0	0	0	0	0	0	0	0	0	0
Nr3c1	0	0	0	0	0	0	0	0	0	0	0	0	0	0	0	0	0	0	0	0	0	0.03015	0	0	0	0	0	0	0	0	0	0	0	0	0	0	0	0	0	0	0	0	0	0
Nr4a2	0.74886	0	0	0	0	0.84737	0	0	0.91974	0.88654	0	0	-0.48225	0	0	0	0	0	0	0	-0.030508	0.58621	0	0	0	0	0	0	0	0	0	0	0	0	0	0.55707	0	0	0	0	0	0	0	0
Odc1	0	0	0	0	0	0	0	0.91144	0	0	0	0	0	-0.81441	0.53208	0	0	0	0	0	0	0	0	0	0	0	0	0	0	0	0	0	0	0.9976	0	0.55338	0	0	0	0	0	0	0	0
Osbpl8	0	0	0	0	0	0	0	0	0	0	0	0	0	0	0	0	0	0	0	0	0	0.088906	0	0	0	0	0	0	0	0	0	0	0	0	0	0	0	0	0	0	0	0	0	0
Osbpl9	0	0	0	0	0	0	0	0	0	0	0	0	0	0	0	0	0	0	0	0	0	0	0	0	0	0	0	0.75735	0	0	0	0	0	0	0.57234	0	0	0	0	0	0	0	0	0.74718
Otulin	0	0	0	0	0	0	0	-0.86597	0	0	0	0	0	0	0	0	0	0	0	0	0	0	0	0	0	0	0	-0.2039	0	0.96737	0	0	0	0	0	0	0	0	0	0	0	0	0	0
Oxct1	0	0	0	0	0	0	0	0.70355	-0.15527	0	0	0	0	0	0.6002	0.73867	0	0	-0.30768	0	0	0	0	0	0	0	0	0	0	0	0	0	0	0	0	0	0	0	0	0	0	0	0	0
Pa2g4	0	0	0	0	0	0	0	0	0	0	0	0	0	0	0	0	0	0	0	0	0	0	0	0	0	0	0	0	0	0	0	-0.68104	0	0	0	0	0	0	0	0	0	-0.44032	0	0
Pabpc1	0	0	0	0	0	0	0	0	0	0	0	0	0	0	0	0	0	0	0	0	0	0.66634	0	0	0	0	0	0	0	0	0	0	0	-0.321	0	0	0	0	0	0	0	0	0	0
Paxbp1	0	0	0	0	0	0	0	0	0	0	0	0	0	0	0	0	0	0	0	0	0	0.79958	0	0	0	0.91974	0	0	0.9634	0	0	0	0	0	0	0	0	0	0	0	0	0	0	0
Pcf11	0	0	0	0	0	0	0	0	0	0	0	0	0	0	0	0	0	0	0	0	0	0	0	0	0.63794	0	0	0	0	0	0	0	0	0	0	0	0	0	0	0	0	0	0	0
Pcyt1a	0	0	0	0	0	0	0.63884	0	0	0	0	0	0	0	0	0	0	0	0	0	0	0	0	0	0	0	0	0	0	-0.73461	0	0	0	0	0	0	0	0	0	0	0	0	0	0
Pde4b	0.6462	0	0	0	0	0	0	0	0	0	0	0.75254	0.25732	0	0.57186	0	0	0	0	0	0	0	0	0	0	0	0	0.0053755	0	0	0	0	0	-0.098457	0	0	0	0	0	0	0	0	0	0
Peak1	0	0	0	0	0	0	0	0	0	0	0	0	0	0	0.93691	0	0.65975	0	0	0	0	0	0	0	0.98563	0	0	0	0	0	0	0	0	0	-0.97853	0	0	-0.67247	0	0	0	0	0	0
Peg13	0	0.79925	0	0	0	0	0	0	0	0	0	0	0	0	0	0	0	0	0	0	0	0	0.26147	0	0	0	0	0	0	0	0.15545	0	0	0	0	0	0	0	0	0	0	0	0	0
Pfkfb3	0	0	0	0	0	0	0	0	0	0	0	0	0	0	0	0.31155	0	0	0	0	0	0	0	0	0.17879	0	0	0	0	-0.65859	0	0	0	0	0	0	0	0	0	0	0	0	0	0
Pfkp	0	0	0	0	0	0	0	0	0	0	0	0	0.74319	0	0.028888	0.77364	0	0	0	0	0	0	0	0	0	0	0	0	0	0	0	0	0	0	0.87417	0	0	0	0	0	0	0	0	0
Pfn1	0	0	0	0	-0.21723	0.85888	0	0	0	0	0	0	0	0	0	0	0	0	0	0	0	0	0	0	0	0	0	0	0	0	0	0	0	0	0	0	0	0	0	0	0	0	0	0
Phf21a	0.64825	0	0	0	0	0	0	0	0	0	0	0	0	0	0	0	0	0	0	0	0	0	0	0	0.11309	0	0	0.80383	0	0	0	0	0	0	0.91536	0	0	0.31242	0	0	0	0	0	0
Pik3r1	0	0	0	0	0	0.53562	0	0	0	0	0	0	0	0	0	0	0	0	0	0.8595	0	0	0	0	0	0	-0.13833	0	0	0.30656	0	0	0	0	0	0	0	0	0	0	0	0	0	0
Pim1	-0.84224	0.30578	0.40986	0	0	0	0	0	0	0	0	0	0	0	0	0	0.37373	0	0	0	0	0	0	0	0	0	0	0	0	0	0	0	0	0	0	0.25028	0	0	0	0	0	0	0	0
Plcxd2	0	0	0	0	0	0	0	-0.44741	0	0	0	0	0	0	0.66634	0	0	0	0.8447	0	0	0	0	0	0	0	0	0	0	0	0	0	0	0	0.97945	0	0	0	0	0	0	0	0	0
Plekhg1	0	0	0	0	0	0	0	0	0	0	0	0.36641	0	0	-0.5911	0	0	0	0	0	0	0	0	0	0	0	0	0	0	0	0	0	0	0.89907	0	0	0	0.92777	0.36797	0	0	0	0	0
Ppfia1	0	0	0	0.65757	0	0	0	0	0	0	0	0	0.30026	0	0.90076	0	0	0	0	0	0	0	0	0	0	0	0	0.70154	0	0	0	0	0	0	0.94763	0	0	0	0	0	0	0	0	0
Ppp1r16b	0.90416	0.13395	0	0	0	0	0	-0.78189	0	0	0	0	0	0	0	0.31597	0	0	0	0	0	0	0	0	0	0	0	0	0	0	0	0	0	0	0	0	0	0	0	0	0	0	0	0
Ppp3ca	0	0	0	0	0	0	0	0	0	0	0	0	0	0	0	0	0	0	0	-0.49266	0	0	0	0	0	0.18316	-0.97546	0.63821	0	0	0	0	0	0	0	0	0	0	0	0	-0.90076	0	0	0
Ppp3cc	0.49014	0	0	0	0	0.91342	0	0	0	0	0	0	0	0	0	0	0	0	0	0	0	0	0	0	0	-0.9949	0	0	0	0	0	0	0	0	0	0	0	0	0	0	0	0	0	0
Prex1	0	0	0	0	0	0.84263	0	0	0	0	0	0	0	0	0	0	0	0	0	0	0	0	0	0	0	0	0	0	0	0	-0.26172	0	0	0	0	0	0	0	0	0	0	0	0	0
Prickle1	-0.95347	0	0	0	0	0	0	0	0.66186	0	0	0	0	0	0	0	0	0	0	0	0	0	0	0	0	0	0	0	0	0	0	0	0	0	0.65248	0	0	0.6229	0.95737	0	0	0	0	0
Prkar1a	0	0	0	0	0	0	0	0	0	0	0	0	0	0	0	0	0	0	0	0	0	0	0	0	0	0	0	0.46734	0	0	0	0	0	0	0	0	0	0	0	0	0	0	0	0
Prkcb	0	0	0	0	0	0.57533	0	0	0	0	0	0	0	0	0	0	0	0	0	0.91974	0	0	0	0	0	0	0	0	0	0.47778	0	0	0	0	0	0	0	0	0	0	0	0	0	0
Prrc2b	0	0	0	0	0	0	0	0	0	0	0	0	0	0	0	0	0	0	0.77234	0	0	0	0.98724	0	0	0	0	0	0	0	0	0	0	0	0	0	0	0	0	0	0	0	0	0
Ptpn18	0	0	0	0	0	0	0	0	0	0	0	0	0	0	0	0	0	0	0	0.36035	0	0	0	0	0	0	0	0	0	0	0	0	0	0	0	0	0	0	0	0	0	0	0	0
Ptpn22	0.9058	0	0	0	0	0	0	0	0	0	0	0	0	0	0	0	0	0	0.077314	-0.1112	0	0	0	0	0	0	0	0	0	0	0	0	0	0	0	0	0	0	0	0	0	0	0	0
Ptpn6	0	0	0	0	0	0	0	0	0	0	0	0	0	0	0	0	0	0	0	0.73523	0	0	0	0	0	0	0	0	0	0.98146	0	0	0	0	0.40696	0	0	0	0	0	0	0	0	0
Ptpn7	0	0	0	0	0	0	0	0	0	0	0	0	0	0	0	0	0	0	0	0.27227	0	0	0	0	0	0	0	0	0	0	0	0	0	0	0	0	0	0	0	0	0	0	0	0
Ptprcap	0	0	0	0	0	0	0	0	0	0	0	0	0	0	0	0	0	0	0	0	0	0	0	0	0	0	0	0	0	0	0	0	0	0	0	0	-0.516	0	0	0	0	0	0	0
Qk	0	0	0	0	0	0	0	0.11633	0	0	0	0	0	0	0	0	0	0	0	0	0	0	0	0	0	0	0	0.84279	0	0	0	0	0	0	0.6717	0	0	0	0.69194	0	0	0	0	0
Rab11fip1	0	0	0	0	0	0	0	0	0.68969	0	0	0	0	0	0.94654	0.6717	0	0	0	0	0	0	0	0	0	0	0	0	0	0	0	0	0	0.97853	0	0	0	0	0	0	0	0	0	0
Rab37	0	0	0	0	0	0	0	0	0	0	0	0	0	0	0	0	0	0	0	0.79702	0	0	0	0	-0.15513	0	0	0	0	0	0	0	0	0	0	0	0	0	0	0	0	0	0	0
Rab43	0	0	0	0	0	0	0	0	0	0	0	0	0	0	0	0	0	0	0	0	0	0.34212	0	0	0	0	0	0	0	0	0	0	0	0	0	0	0	0	0	0	0.026691	0	0	0
Rab8b	0	0	0	0	0	0	0	0	0	0	0	0	0	0	0	0	0	0	0	0	0	0.95347	0	0	0	0	0	0	0	0	0	0	0	0	0.61745	0	0	0	0	0	0	0	0	0
Rabgef1	0	0.36549	0	0	0	0	0	0	0	0	0	0.67117	0	0	0	0	0	0	0	0	0	0	0	0	0	0	0	0	0	0	0	0	0	0	0	0	0	0	0	0	0	0	0	0
Rac2	0	0	0	0	0	0	-0.27652	0	0	0	0	0	0	0	0	0	0	0	0	0	0	0	0	0	-0.55012	0	0	0	0	0	0	0	0	0	0	0	0	0	0	0	0	0	0	0
Ramp3	-0.55536	0	0.54104	0	0	0	0	0	0	0	0	0	0.7199	0	0	0	0	0	0	0	0	0	0	0	0	0	0	0	0	0	0	0	0	0	0	0	0	0	0	0	0	0	0	0
Ranbp2	0	0	0	0	0	0	0	0	0	0	0	0	0	0	0	0	0	0	0	0	0	0	0	0	0.62819	0	0	0	0	0	0	0	0	0	0	0	0	0	0	0	0	0	0	0
Rapgef2	0	0	0	0	0	0	0	0	0	0	0	0	0	0.19715	0	0	0	0	0	0	0	0	0	0	0	0	0	0.11465	0	0.19279	0	0	0	0	0	0	0	0	0	0	0	0	0	0
Rasa2	0	0	0	0	0	0	0	0	0	0	0	0	0	0	0	0	0	0	0	0	0	0	0	0	0	0	0	0	0	0	0	0	0.66946	0	0.73171	0	0	0	0	0	0	0	0	0
Rasgrp1	0.25207	0	0	0	0	0	0	0	0	0	0	0	0	0	0	0	0	0	0	0	0	0	0	0	0	0.971	0	0.74766	0	0	0	0	0	0	0.96102	0	0	0	0	0	0	0	0	0
Rassf3	0	0	0	0	0	0	0	0	0	0	0	0.65572	0	0	0	0	0	0	0	0	0	0	0	0	-0.94522	0	0	0	0	0	0	0	0	0.89399	0.90354	0	0	0	0	0	0	0	0	0
Rb1	0	0	0	0	0	0	0	0	0	0	0	0	0	0	0	0	0	0	0	-0.8199	0	0	0	0	0	0	0	0	0	0	0	0	0	0	0	0	0	0	0	0	-0.93306	0	0	0
Relb	0	0.83108	0	0.79254	0	0	0	0.59804	0	0	0	0	0	0	0	0.86776	0	0	0	0	0	0	0	0	0	0	0.99299	0	0	0	0	0	0	0	0.31934	0	0	0	0	0	0	0	0	0
Rgcc	0	0	0	0	0	0	0	0	0.98035	0	0	0.74191	0	0	0	0	0	0	0	0	0.59042	0	0	0	0	0	0	0	0	0	0	0	0	0	0	0	0	0	-0.94095	0	0	0	0	0
Rgs3	0	0	0	0	0	0	0	0	0	0	0	0	0	0	0	0	0	0	0	0	0	0	0	0	0	0	0	-0.47605	0	0	0	0	0	0	0	0	0	0	0	0	0	0	0	0
Rhob	0	0	0	0	0	0	0	0	0	0	0	0	0	0	0.98249	0	0.98482	0	0	0.88679	0	0	0	0	0	0	0	0	0	0	0	0	0	0	0	0	0	0	0	0	0	0	0	0
Rinl	0	0	0	0	0	0	0	0	0	0	0	-0.60464	0	0	0	0	0	0	0	0	0	0	0	0	0	0	0	0	0	0	0	0	0	0	0	0	0	0	0	0	0	0	0	0
Riok1	0	0	0	0	0.84579	0	0	0	0	0	0	0	0	0	0	0	0	0	0	0	0	0.83062	0	0	0	0	0	0	0	0	0	0	0	0	0	0	0.95041	0	0	0	0.6076	0	0	0
Rora	0	0	0	0	0	0	0	0	0	0	0	0	0	0	0	0	0	0	0	-0.7368	0	0.80023	0	0	0.28883	0.3838	0	0	0	0	0	0	0	0	0	0	0	0	0	0	0	0	0	0
Rpa1	0	0	0	0	0	0	0	0	0	0	0	0	0	0	0	0	0	0	0	0	0	0	0	0	-0.72376	0	-0.78101	0	0	0	0	0	0	0	0	0	0	0	0	0	0	0	0	0
Rpl14	0	0	0	0	0	0	0	0	0	0	0	0	0	0	0	0	0	0	0	0	0	0	0	0	0	0.1112	0	0	0	0	0	0	0	0	0	0	0	0	0	0	0	0	0	0
Rprd1b	0	0	0	0	0	0	0	0.59433	0	0	0	0	0	0	0	0	0	0	0	0	0	0	0	0	0	0	0	0.944	0	0	0	0	0	0	-0.55816	0	0	0	0	0	0	0	0	0
Rps15	0	0	0	0	0	0	0	0.49018	0	0	0	0	0	0	0	0	0	0	0	0	0	0	0	0	0	0	0	0	0	0	0	0	-0.42993	0	0	0	0	0	0	0	0	0	0	0
Rps15a	0	0	0	0	0	0.91248	0	0	0	0	0	0	0	0	0	0	0	0	0	0	0	0	0	0	0	0	0	0	0	0	0	0	0	0	0	0	0	0	0	0	0	0	0	0
Rps19	0	0	0	0	0	0	0	0.76558	0	0	-0.51007	0	0	0	0	0	0	0	0	0	0	0	0	0	0	0	0	0	0	0	0	0	0	0	0	0	0	0	0	0	0	0	0	0
Rps26	0	0	0	0	0	0	0	0	0	0	0	0	0	0	0	0	0	0	0	0	0	0	0	0	0	0	0	0	0	0	0	0	0	0	0.83733	0	0	0	0	0	0	0	0	0
Rps5	0	0	0	0	0	0	0	0	0	0	0	0	0	0	0	0	0	0	0	0	0	0	0	0	0	0	0	0	0	0	0	0	-0.93691	0	0	0	0	0	0	0	0	0	0	0
S100a10	0.88532	0	0	0	0	0	0	0	0	0	0	0	0	0	0	0.8753	0	0	0	0	0	0	0	0	0	0	0	0	0	0	0	0	0	0	0	0	0	0	0	0	0	0	0	0
S100a6	0.22392	0	0	0	0	0	0	0	0	0	0	0	0	0	0	0	0	0	0	0	0	0	0	0	0	0	0	0.88052	0	0	0	0	0	0	0.60823	0	0	0	0	0	0	0	0	0
Samsn1	0.62242	0	0	0	0	0	0	0	0.21293	0	0	-0.3098	0	0	0	0	0	0	0	0	0	0	0	0	0	0.43685	0	0	0	0.93967	0	0	0	0	0	0	0	0	0	0	0	0	0	0
Sept1	-0.22194	0	0	0	0	0	0	0	0	0	0	0	0	0	0	0	0	0	0	0.92205	0	0	0	0	0	0	0	0	0	0.52304	0	0	0	0	0	0	0	0	0	0	0	0	0	0
Serbp1	0	0	0	0	0	0	0	0	0	0	0	0	0	0	0	0	0	0	0	0	0	0	0	0	0	0	0	0	0	0	0.761	0	0	0	0	0	0	0	0	0	0	0	0	0
Serpina3f	0	0	0	0	0	0	0	0	0	0	0	0	0	0.73337	0	-0.89854	0	0	0	0	0	0	0	0	0	0	0	0	0	-0.11465	0	0	0	0	-0.66368	0	0	0	0	0	0	0	0	0
Serpinb9	0	0	0	0	0	0	0	0	0	0	0.68211	0	0.54531	0	0	0	0	0	0	0	0	0	0	0	0	0	0	0	0	0	0	0	0	0	0	0	0	0	0	0	0	0	0	0
Sertad1	0	0	0	0	0	0	0	0	0	0	0	0	0	0	0	0	0.87956	0	0	0	0	0	0	0	0	0	0	0	0	0	0	0	0	0	0	0	0	0	0	0	0	0	0	0
Setd7	0	0	0	0	0	0	0	0	0	0	0	0	0	0	0	0	0	0	0	0	0	0.43607	0	0	0	0	0	0	0	0	0	0	0	0	0	0	0	0.94522	0	0	0	0	0	0
Sf1	0	0	0	0.67117	0	0	0	0	0	0	0	0	0	0	0	0	0	0	0	0	0	0	0	0	0	0	0	0	0	0	0	0	0	0	0	0	0	0	0	0	0	0	0	0
Sft2d2	0	0	0	0	0	0	0	0	-0.95977	0	0	0	0	0	0	0	0	0	0	0	0	-0.5216	0	0	0	0	0	0	0	0.66229	0	0	0	0	0	0	0	0	0	0	0	0	0	0
Sh2b1	0	0	0	0	0	0	0	0	0	0	0	0	0	0	0	0	0	0	0	0	-0.68386	0	0	0	0	0	0	0	0	0	0	0	0	0	0	0	0	0	0	0	0	0	0	0
Sh2d2a	0	0	0	0	0	-0.21284	-0.094874	0	0	0	0	0	0	0	0	0	0	0	0	0	0	0	0.081661	0	0	0	0	0	0	0	0	0	0	0	0	0	0	0	0	0	0	0	0	0
Sidt2	0	0	0	0	0	0.98035	0	0	0	0	0	0	0	0	0	0.93306	0	0	0	0	0	0	0	0	0	0	0	0	0	0	0	0	0	0	0	0	0	0	0	0	0	0	0	0
Sipa1	0.88403	0	0	0	0	0.3033	0	0	0	0	0	0	0	0	0	0	0	0	0	0	0	0	0	0	0	-0.99804	0	0	0	0	0	0	0	0	0	0	0	0	0	0	0	0	0	0
Skap1	0	0	0	0	0	0.92205	-0.34473	0	0	0	0	0	0	0	0	0	0	0	0	0	0	0	0	0	0	0	0	0	0	0	0	0	0	0	0	0	0	0	0	0	0	0	0	0
Ski	0	0	0	0	0	0	0	0	0	0	0	0.046931	0	0	0	0	0	0.33646	0	0	0	0	0	0	0	0	0	0	0	0	0	0	0	0	0	0	0	0	0	0	0	0	0	0
Skil	0	0.93838	0.61128	0	0	0	0	0	0	0	0	0	0	0	0	0	0	0	0	0	0	0	0	0	0	0	0	0	0	0	0	0	0	0	0.79648	0	0	0	0	0	0	0	0	0
Slamf7	0	0	0	0	0	0.25146	0	0	0	0	0	0	0	0	0	0	0	0	0	0.5388	0	0	0	0	0	0	0	0	0	0	0	0	0	0	0	0	0	0	0	0	0	0	0	0
Slc15a3	0	0	0	0	0	0	0	0.91144	0	0.89399	0	0	0	0.16465	-0.14668	0.40146	0	0	0	0	0	0	0	0	0	0	0	0	0	0	0	0	0	0	0	0	0	0.4749	0	0	0	0	0	0
Slc16a10	0	0	0	0	0	0	0	0	0	0	0	0	0	0	-0.52038	-0.64352	0	0.095668	0	0	0	0	0	0	0	0	0	0	0	0	0	0	0	0	0	0	0	0	0	0	0	0	0	0
Slc16a6	0	0	0	0	0	0.51599	0	0	0	0	0	0	0	0	0	0	0	0	0	0	0	0	0	0	0	0	0	0	0	0	0	0	0	0	0	0	0	0	0	0	0	0	0	0
Slc20a1	0	0	0	0	0	0	0	0	0	0	0.35299	0	0	0	0	0	0	0	0	0.70849	0	0	0	0	0	0	0	0	0	0	0	0	0	0	0	0	0	0	0	0	0	0	0	0
Slc25a51	0	0	0	0	0	0	0	0	0	0	0	0	0	0	0	0	0	0	0	0	0	0	0	0	0	0	0	0.79651	0	0	0	0	0	0	0	0	0	0	0	0	0	0	0	0
Slc35b2	0	0	0	0	0	0	0	0	0	0	0	0	0	0	0	0	0	0	0	0	0	0	0	0	0	0	0	0	0	0	0	0	0	0	0.84028	0	0	0	0	0	0	0	0	0
Slc35e1	0	0	0	0	0	0	0	0	0	0	0	0	0	0	0	0	0	0.28883	0	0	0	0	0	0	0	0	0	0	0	0	0	0	0.28007	0	0	0	0.82139	0	0	0	0	0	0	0
Slc38a1	-0.76267	0	0	0	0	0	0	0	0	0	0	0.79037	0	0	0	0	0	0	0	0	0	0	0	0	0	0	0.59606	0	0	0	0	0	0	0.10567	0.99299	0	0	0	0	0	0	0	0	0
Slc38a2	0	0	0.37892	0	0	0	0	0	0	0	0.28141	0	0	0	0	0	0	0	0	0	0	0	0	0	0	0	0	0	0	0	0	0	0	0	0	0	0	0	0	0	0	0	0	0
Slc7a1	0	0	0	0.58024	0	0	0	0	0	0	0	0	0	0	0	0	0	0.63454	0	0	0	0	0	0	0	0	0	0	0	0.049922	0	0	0	0	0	0	0	0	0	0	0	0	0	0
Slc7a6os	0.89854	0	0	0	0	0	0	0	0	0	0	0	0	0.91435	0	0	0	0	0	0	0	0	0	0	0	0	0	0	0	0	0	0	0	0	0.93306	0	0	0	0	0	0	0	0	0
Slfn2	0	0	0	0	0	0	0	0	0	0	0	0	0	0	0	0	-0.076784	0	0	0	0	0	0.34327	0	0	0	0	0	0	0	0	0	0	0	0	0	0	0	0	0	0	0	0	-0.23817
Smap2	0.93306	0	0	0	0	0	0	0	0	0	0	0.8127	0	0	0	0	0	0	0	0	0	0	0	0	0	0	0	0	0	-0.14092	0	0	0	0	0.67278	0	0	0	0	0	0	0	0	0
Smim3	0	0	0	0	0	0	0	0	0	0	0	0	0	-0.66745	0	0	0	0	0	0.53398	0	0	0	0	0	0	0	0	0	0	0	0	0	0	0	0	0.38931	0	0	0	0	0	0	0
Socs2	0	0	0	0	0	0	0	0	0	0	0	0	0	0	0	0	0	0	0	0	0	0.52881	0	0	0	0	0	0	0	0	0	0	0	0	0	0	0	0	0	0	0	0	0	0
Spry2	0	0	0	0	0	0	0	0	-0.75564	0	0	0	0	0	0	0	0	0	0	0	0	0	0	0	0	0	0	0	0	0.99243	0	0	0	0	0	0.82502	0	0	0	0	0	0	0	0
Spty2d1	0	0	0	0	0	0	0	0	0	0	0	0	0	0	0	0	0	0	0	0	0	0	0	0	0	0	0	0	0	0.99299	0	0	0	0	0	0	0	0	0	0	0	0	0	0
Srxn1	0	0	0	0	0	0	0	0	0	0	0	0	0	0	0	0.2216	0	0	0	0	0	0	0	0	0	0	0	0	0	0	0	0	0	0	0	0	0	0	0	0	0	0	0	0
Ssbp4	0	0	0	0	0	0	0	0	0	0	0	0	0	0	0	0.93967	0	0	0	0	0	0	0	0	0	0	0	0	0	0	-0.018666	0	0	0	0	0	0	0	0	0	0	0	0	0
Ssfa2	0	0	0	0	0	0	0	0	0	0	0	0	0	0	0	0	0	0	0	0	0	0	0	0	0	0	0	0.22912	0	0	0	0	0	0	0	0	0	0	0	0	0	0	0	0
Ssh2	0.89339	0	0	0	0	0	0	0.31809	0	0	0	0	0	0	0	-0.31597	0	0	0.033811	0	0	0	0	0	0	0	0	0	0	0	0	0	0	0	0	0	0	0	0	0	0	0	0	0
Stat3	0	0	0	0	0	0	0	0	0	0	0.83269	0	0	0	0	0	0	0.52194	0.20072	0	0	0	0	0	0	0	0	0	0	0.8735	0	0	0	0	0	0	0	0.40591	0	0	0	0	0	0
Stat5a	0	0	0	0	0	0	0	0	0	0	0	0	0	0	0	0	0	0	0	0	0	0	0	0	0	0	0	0	0	0	0	0	0	0	0.027096	0	0.71999	0	0	0	0	0	0	0
Stx11	0.93967	0.43319	0	0	0	0	0	0	0	0	0	0.95347	0	0	0	0	0	0	0	0	0	0	0	0	0	0	0	0.3485	0	0	0	0	0	0	0	0	0	0	0	0	0	0	0	0
Suco	0	0	0	0	0	0	0	0	0	0	0	0	0	0	0	0	0	0	0	0	0	0	0	0	0	0	0	0	0	0	0	0	0.37135	0	0	0.24419	0	0	0	0	0	0	0	0
Sun2	0	0	0	0	0	0	0	0	0	0	0	0	0	0	0	0	0	0	0.77971	0	0	0	0	0	0	0	0	0	0	0	0	0	0	0	0	0	0	0	0	0	0	0	0	0
Syncrip	0	0	0	0	0	0	0	0	0	0	0	0	0	0	0	0	0	0	0	-0.32015	0	0	0	0	0	0	0	0	0	0	0	0	0.55975	0	0	0	0	0	0	0	0	0	0	0
Sytl3	0	0	0	0	0	0	0	0	0	0	0	0	0	0	0	0	0	0	0	0	0	0	0	0	0	0	0	0	0	0.39283	0	0	0	0	0	0	0	0	0	0	0	0	0	0
Taf4b	0	0	0.91342	0	0	0	0	0	0	0	0	0	0	0	0.77504	0	0	0.5258	0	0	0	0	0	0	0	0	0	0	0	0	0	0	0	0	0	0	0	0	0	0	0	0	0	0
Tatdn2	0.62102	0	0	0	0	0	0	0	0	0	0	0	0	0	0	0	0	0	0	0	0	0	0	0	0	0	0	0	0	0.26854	0	0	0	0	0	0	0	0	0	0	0	0	0	0
Tcp11l2	0	0	0	0	0.20561	0	0	0.7442	-0.25997	0	0	0	0	0	0	0	0	0	0	0	0	0	0	0	0	0	0	0	0	0	0	0	0	0	0	0	0	0	0.20686	0	0	0.38093	0	0
Tex2	-0.30271	0	0	0	0.80232	0.93183	0	0	0	0	0	0	0	0	-0.27953	0	0	0	0	0	0	0	0	0	0	0	0	0	0	0	0	0	0	0	0.75883	0	0	0	0	0	0	0	0	0
Tfip11	0	0	0	0	0	0	0	0	0	0.72639	0	0	0	0.4012	0	0	0	0	0	0	0	0	0	0	0	0	0	0	0	0	0	0	0	0	0	0	0	0	0	0	0	0	0	0
Tgfb1	0	0	0	0	0	0	0	-0.78702	0	0	0	0	0	0	0	0	0	0	0	0	0	0	0	0	0	0	0	0	0	0	0	0	0	0	0	0	0.21148	0	0	0	0	0	0	0
Tgm2	0	0	0	0	0	0	0	0	0.046323	0	0	0	0	0	0	0	0	0	0	0	0	0	0	0	0	0.98665	0.7862	0	0	0	0	0	0	0	0	0	0	0	0	0	0	0	0	0
Tiparp	0	0	0.070162	0	0	0	0	0	0	0	0	0	0	0	0	0	0	0	0	0	0.2947	0	0	0	0	0	0	0	0	0	0	0	0	0	0	0	0	0	0	0	0	0	0	0.12214
Tiprl	0	0	0	0	0	0	0	0	0	0	0	0	0	0	0	0	0	0	0	0	0	0	0	0	0	0	0	0	0	0	0	0	0	0	0	0	0.73637	0	0	0	0	0	0	0
Tle3	0	0	0	0	0	0	0	0	0	0	0	0	0	0.24526	0	0	0	0	0	0	0	0	0	0	0	0	0	-0.59238	0	0	0	0	0	0	0.1541	0	0	0	0	0	0	0	0	0
Tmem131	0	0	0	0	0	0	0	0	0.084138	0	0	0	0	0	0.51868	0.74718	0	0	0	0	0	0	0	0	0	0	0.65173	0	0	0	0	0.48819	0	0	0	0	0	0	0	0	0	0	0	0
Tmem154	0	0	0	0	0	0	0	0	0	0	0	0	0	0	0	0	0	0	0	0	0	0	0	0	0	0.74464	0	0	0	0	0	0	0	0	0	0	0	0	0	0	0	0	0	0
Tnfrsf1a	0	0	0	0	0	0	0	0	0	0	0	0	0	0	-0.87588	0	0	0	0	0.37655	0	0	0	0	0	0	0	0	0	0	0	0	0	0	0	0	0	0	0	0	0	0	0	0
Tnfrsf1b	0	0.86719	0.73978	0	0	0	0	0	0	0.88261	0	0	0	0	0	0	0	0	0	0	0	0	0	0	0	0	0	0	0	0	0	0	0	0	0	0	0	0	0	0	0	0	0	0
Tnfrsf9	0	0	0	0	0	0	0	0	0	0.077314	0	0	0	0	0	0	0	0	0	0	0	0.026691	0	0	0	0	0	0	0	0	0	0	0	0	0	0	0	0	0	0	0	0	0	0
Tnip1	0	0	0	0	0	0	0	0	0.58506	0	0	0	0	0	0	0	0	0	0	0	0	0	0	0	0	0	0.77664	0	0	0	0	0	0	0.84171	0	0	0	0	0	0	0	0	0	0
Tob2	0	0	0	0	0	0	0	0	0	0.45929	0	0	0	0	0	0	0	0	0	0	0	0	0	0	0	0	0	0	0	0	0	0	0	0	0	0	0	0	0	0	0	0	0	0
Tpm4	0	0	0	0	0	0	0	0	0	0	0.94522	0	0	0	0	0	0	0	0	0	0	0	0	0	0	0	0	0	0	0	0	0	0	0	0	0	0	0	0	0	0	0	0	0.46645
Traf4	0	0	0.9634	0	0	0.94522	0	0	0	0	0	0	0	0	0	0	0	0.81828	0	0	0	0	0	0	0	0	0	0	0	0.29749	0	0	0	0	0	0	0	0	0	0	0	0	0	0
Trafd1	0	0	0	0	0	0	0	0	0	0	0	0	0	0	0	0	0	0	0	0	0	0	0	0	0	0	0	0	0	0	0	0.4472	0	0	0	0	0	0	0	0	0	0	0	0
Trf	0	0	0	0	0	0	0	0	-0.21645	0	0	0	0	0	0	0	0	0.80189	0	0	0	0	0	0	0	0	0	0	0	0	0	0	0	0	0	0	0.4749	0	0	0	0	0	0	0
Trio	0	0	0	0	0	0	0	-0.98249	0	0	0	0	0	0	0	0.60558	0	0.46829	0	0	0	0	0	0	0	0	0	0	0	0	0	0	0	0.91974	0	0	0	0	0	0	0	0	0	0
Trp53inp1	0.7254	0	0	0	0	0	0	0	0	0	0	0	0	0	0.65207	0.41811	0	0	0	0	0	0	0	0	0	0	0	0	0	0	0	0	0	0	0	0	0	0.56586	0	0	0	0	0	0
Trpv2	0	0	0	0	0	0	0	0	0	0	0	0	0	0	0	0	0	0	0	0.99243	0	0	0	0	0	0	0	0	0	0	0	0	0	0	0.99462	0	0	0	0	0	0	0	0	0
Tspan14	-0.34964	0	0	0	0	0	0	0	0	0	0	0	0	0	0	0	0	0	0	0	0	0	0	0	0	0	0	0	0	0	0	0	0	0	-0.56516	0	0	0	0	0	0	0	0	0
Tspo	0.92315	0	0	0	0	0	0	0	0	0	0	0	0	0	0	0.85146	0	0	0	0	0	0	0	0	0	0	0	0	0	0	0	0	0	0.80838	0	0	0	0	0	0	0	0	0	0
Tuba4a	0	0	0	0	0	0	0	0	0	0	0	0	0.87273	0	0	0	0	0	0	0	0	0	0	0	0	0	0	0	0	0	0	0	0	0	0	0	0	0	0	0	0	0	0	0
Tubb6	0.80686	0	0	0	0	0	0	0	0	0	0	0	0	0	0	0	0	0	0	0	0	0	0	0	0	0	0	0	0	0	0	0	0	0	0	0	0	0	0	0	0	0	0	0
Txnrd1	0	0	0	0	0	0	0	0	0	0	0	0	0	0	0	0	0	0	0.89854	0	0	0	0	0	0	-0.84579	0.89618	0	0	0	0	0	0	0	0	0	0.96619	0	0	0	0	0	0	0
Ubald1	0	0	0	0	0	0	0	0	0	0	0	0	0	0	0	0	0	0	0	0	0	0	0	0	0	0	0	0	0	0	0	0	0	0	0	0	0	0	0.75404	0	0	0	0	0
Ubl3	0	0.083219	0	0	0.6406	0	0	0	0	0	0	0	0	0	0	0	0	0	0	0	0	0	0	0	0	0	0	0	0	0	0	0	0	0	0	0.87273	0	0	0	0	0	0	0	0
Ugcg	0	0	0	0	0.78135	0	0	0	0	0	0	0	0	0	0	0	0	0	0	0	0	0	0	0	0	0	0	0	0	0.89433	0	0	0	0	0	0	0	0	0	0	0	0	0	0
Uhrf2	0	0	0	0	0	0	0	0	0.77315	0	0	0	0	0	0	0	0	0	0	0	0	0	0	0	0	0	0	0	0	0	0	0	0	0	0	0	0	0	0	0	0	0	0	0
Ulk1	0	0	0	0	0	0	0	0	-0.83987	0	0	0	0	0	0	0	0	0.3167	0	0	0	0	0	0	0	0	0	0	0	0	0	0	0	0	0	0	0	0	0	0	0	0	0	0
Use1	0	0	0	0	0	0	0	0	0.98249	0	0	0	0	0	0	0	0	0	0	0	0	0	0	0	0	0	0	0	0	0	0	0	-0.52266	0	0	0	0	0	0	0	0	0	0	0
Usp12	0	0	0	0	0	0	0	-0.91435	0	0.944	0	0	0	0	0	0	0	0	0	0	0	0	0	0	0	0	0	0	0	0.97217	0	0	0	0	-0.41061	0	0	0	0	0	0	0	0	0
Usp34	0	0	0	0	0	0	0	0	0	0	0	0	0	-0.89854	0	0	0	0	0	0	0	0	0	0	0.80686	0	0	0	0	0	0	0	0	0	0	0	0	0	0	0	0	0	0	0
Usp36	0	0	0	0.99677	0	0	0	0	0	0	0	0	0	0	0	0	0	0.20561	0	0	0	0	0	0	0	0	0	0	0	0	0	0	0	0	0	0	0	0	0	0	0	0	0	0
Usp38	0	0	0	0	0	0	0	0	0	0	0	0	0	0	0	0	0	0	0	0	0	0	0	0	0	0	0	0	0	-0.73892	0	0	0	0	0.26592	0	0	0	0	0	0	0	0	0
Usp9x	0	0	0	0	0	0	0	0	0	0	0	0	0	0	0	0	0	0	0	0	0	0.72585	0	0	0.82396	0	0	0	0	0	0	0	0	0	0	0.79466	0	0	0	0	0	0	0	0
Utrn	0	0	0	0	0	0	0	0	0	0	0	0	0	0	0.83154	0	0	0	0	0	0	0	0	0	0	0	0	0	0	0	0	0	0	0.36848	0.88782	0	0	0	0.48986	0	0	0	0	0
Vamp2	0	0.68969	0	0	0	0	0	0	0	0	0	0	0	0	0	0	0	0	0	0	0	0	0	0	0	0	0	0	0	0	0	0	0	0	0	0	0	0	0	0	0	0	0	0
Vamp8	0	0	0	0	0	0	0	0	0	0	0	0	0	0	0	0	0	0	0	0	0	0	0	0	0	0	0	0	0	0	-0.99462	0	0	0	0	0	0	0	0	0	0	0	0	0
Vgll4	0	0	0	0	0	0	0	0	0	0	0	0	0	0	0	0	0	0	0	0	0	0	0	0	0	0	0	0	0	0.99804	0	0	0	0	0	0	0	0	0	0	0	0	0	0
Wbp1l	0	0	0	0	0	0	0	-0.83242	0	0	0	0	0	0	0.42918	0.5905	0	0	0	0	0	0	0	0	0	0	0	0	0	0	0	0	0	0	0.77719	0	0	0	0	0	0	0	0	0
Wdr37	0	0	0	0	0	0	0	0.76211	0	-0.73059	0	0	0	0	0.67727	0	0	0	0	0	0	0	0	0	0	0	0	0	0	0	0	0	0	0	0	0	0	0	0	0	0	0	0	0
Xpo1	0	0	0	0	0	0	0	0	0	0	0	0	0	-0.65472	0	0	0	0	0	0	0	-0.10117	0	0	0	0	0	0	0	0	0	0	0	0	0	0	0	0	0	0	0	0	0	0
Ypel3	0	0	0	0	0	0	0	0	0	0	0	0	0	0	0	0	0	0	0	0	0	0	0	0	0	0	0	0	0	0	-0.51571	-0.16695	0	0	0	0	0	0	0	0	0	0	0	0
Ythdc1	0	0	0	0	0	0	0	0	0	0	0	0	0	0	0	0	0	0	0	0	0.93565	0	0	0	0	0	0	0	0	0	0	0	0	0	0	0.13598	0	0	0	0	0	0	0	0.57019
Zbtb21	0	0	0	0	0	0	0	0.88877	0	0	0	0	0	0	0	0.9522	0	0	0	0	0	0	0	0	0	0.95347	0	0	0	0	0	0	0	0	0.7701	0	0	0	0	0	0	0	0	0
Zcchc11	0	0	0	0	0	0	0	0	0	0	0	0	0	0	0	0	0	0	0	0	0.0053755	0	0	0	0	0	0	0	0	0	0	0	0	0	0	0	0	0	0	0	0	0	0	0
Zfp131	0	0	0	0	0	0	0	0	0	0	0	0	0	0	0	0	0	0	0	0	0	0	-0.45793	0	-0.45034	0	0	0	0	0	0	0	0	0	0	0	0	0	0	0	0	0	0.36549	0
Zfp36	0	0	0	0	0	0	0	0.32671	0	0	0	0	0	0	0.8088	0	0.971	0	0	0	0	0	0	0	0	0	0	0	0	0	0	0	0	0	0	0	0	0	0	0	0	0	0	0
Zranb2	0	0	0	0	0	0	0	0	-0.80964	0	0	0	0	0	0	-0.065893	0	0	0	0	0	0	0	0	0	0	0	0	0	0	0	0	0	0	0	0	0	0	0	0	0	0	0	0
Zswim4	0.10435	0	0	0.1304	0	0	0	0	0	0	0	0.84434	0	0	0	0	0	0	0	0	0	0	0	0	0	0	0	0	0	0	0	0	0	0	0	0	0	0	0	0	0	0	0	0
