	Batf3	Bcl6	Bhlhe40	Creb3l1	Crem	Dot1l	Epas1	Fiz1	Fos	Fosb	Fosl2	Foxa1	Foxo1	Hey1	Hivep1	Ikzf3	Irf1	Jun	Junb	Jund	Kdm2b	Klf13	Klf2	Klf6	Lin54	Mafk	Mlxip	Nfat5	Nfkb1	Nfkb2	Nr1d1	Nr3c1	Nr4a2	Purb	Rora	Scrt1	Skil	Stat3	Stat5a	Thap3	Trafd1	Zbtb21	Zeb1	Zfp131	Zfp768	Zhx1
4932438A13Rik	0	0	0	0	0	0	0	0	0	0	0	0	0	0	0	0	0	0	0	0	0	0	0	0	0	0	0	0.62736	0	0	0	0	0	0	0	0	0	0	0	0	0	0	0.78403	0	0	0
4933426M11Rik	0	0	0	0	0	0	-0.67278	0	0	0	0	0	0	0	0	0	0	0	0	0	0.55209	0	0	0	0	0	0	0	0.29637	0	0	0	0	0	0	0	0	0	0	0	0	0	0	0.57533	0	0
A830080D01Rik	0	0	0	0	0	0	0	0	0	0	0	0	0	0	0	0	0	0	0	0	0	0	0	0	0	0	0	0	0	0	0	0	0	0	0.15572	0	0	0	0	0	0	0	0	0	0	0
Aatk	0	0	0	0	0	0	0	0	0	0	0	0	0	0	0	0	0	0	0	0	0	0	0	0	0	0	0	0	0	0	-0.88951	0	0	0	0	0	0	0	0	0	0	0	0	0	0	0
Abcb1a	0	0	0	0	0	0	0	0	0	0	0	0	0	0	0	0	0	0	0	0	0	0	0	0	0.2933	0	0	0	0	0	0	0	0	0	0.80531	0	0	0	0	0	0	0	0	0	0	0
Abhd2	0	0	0	0	0	0	0	0	0	0	0	0	0	0	0	0	0.76862	0	0.2039	0	0	0	0	0	0	0	0	0	0	0	0	0	0	0	0	0	0	0	0	0	0	0	0	0	0	0
Abr	0	0	0	0	0	0	0	0	0	0	0	0	0	0	0	0	0	0	0	0	0	0	0.84263	0	0	0	0	0	-0.10263	0	0	0	0	0	-0.26287	0	0	0	0	0	0	0	0	0	0	0
Actn2	0	0.99907	0	0	0	0	0	0	0	0	0	0	0	0	0	0	0	0	0	0	0	0	0	0	0	0	0	0	0	0	0	0	0	0	0.18951	0	0	0	0	0	0	0	0	0	-0.37942	0
Acvr2a	0	0.90746	0	0	0	0	0	0	0	0	0	0	0	0	0	0	0	0	0	0	0	0	0	0	0	0	0	0	0	0	0	0	0	0	0.91672	0	0	0	0	0	0	0	0	0	0	0
Adamts14	0	0	0	0	0	0	-0.77971	0	0	0	0	0	0	0	0	0	0	0	0	0	0	0	0.16306	0	0	0	0	0	0	0.24889	0	0	0	0	0	0	0	0	0	0	0	0	0	0	0	0
Aff1	0	0	0	0	0	0	0	0	0	0	0	0	0	0	0.63266	0	0	0	0	0	0	0	0	0	0	0	0	0	0	0	0	0	0.77664	0	0	0	0	0	0	0	0	0	0	0	0	0
Aff4	0	0	0	0	0	0	0	0	0	0	0	0	0	0	0	0	0	0	0	0	0	0	0	0	0	0	0	0	0	0	0	0.34785	-0.22844	0	0	0	0	0	0	0	0	0	0	0	0	0
Ago2	0	0	0	0	0	0.76368	0	0	0	0	0	0	0	0	0	0	0	0	0	0	0.17225	0	0	0	0.70485	0	0	0	0	0	0	0	0.18637	0	0	0	0	0.74464	0	0	0	0	0	0	0	0
Aifm2	0	0	0	0	0	0	0	0	0	0	0	0	0	0	0	0	0	0	0	0	0	0	0	0	0	0	0	0	0	0	0	0	0	0	0	0	0	0	0	0.013509	0	0	0	0	0	0
Akt3	0	0	0	0	0	0	0	0	0	0	0	0.944	0	0	0	0	0	0	0	0	0	0	0	0	0	0	0	0	0	0	0	0	0	0	0	0	0	0	0	0	0	0	0	0	0	0
Alcam	0	0	0	0	0	0	0	0	0	0	0	-0.8715	0	0	0	0	0	0	-0.67996	0	0	0	0	0	0	0	0	0	0	0.81784	0	0	0	0	0	0.83529	0	0	0	0	0	0	0	0	0	0
Aldh16a1	0	0	0	0	0	0	0	0	0	0	0	0	0	0	0	0	0	0	0.16306	0	0	0	0	0	0	0	0	0	0	0	0	0	0	0	0	0	0	0	0	0	0	0	0	0	0	0
Apaf1	0	0	0	0	0	0	0	0	0	0	0	0	0	0	0	0	0	0	0	0	0	0	0	0	0	0	0	0	0.99084	0	0	0	0	0	0	0	0	0	0	0	0	0	0	0	0	0
Aplp2	0	0	0	0	0	0	0.87477	0	0	0	0	0	0	0	0	0	0	0	0	0	0	0	0	0	0	0	0	0	0	0.63853	0	0	0	0	0	0	0	0	0	0	0	0	0	0	0	0
Arap2	0	0	0	0	0	0	0	0	0	0	0	0	0	0	0	0	0	0	0	0	0	0	0	0	0	0	0	0.99677	0	0	0	0	0	0	0.086476	0	0	0	0	0	0	0	0	0	0	0
Areg	0	0	0	0	0.83895	0	0.11938	0	0	0	0	0	0	0	0	0	0	0	0	0	0	0	0	0	0	0	0	0	0	0	0	0	0	0	0	0	0	0	0	0	0	0	0	0	0	0
Arhgap15	0	0	0	0	0	0	0	0	0	0	0	0	0	0	0	0	0	0	0	0	-0.92777	0	0	0	0	0	0	0	0	0	0	0	0	0	0	0	0	0	0	0	0	0	0	0	0	0
Arhgap17	0	0	0	0	0	0	0	0	0	0	0	0	0	0	0	0	0.50112	0	0	0.39508	0	0	0	0	0	0	0	0.78984	0	0	0	0	0	0	0	0	0	0	0	0	0	0	0	0	0	0
Arhgap27	0	0.51723	0	0	0	0	0	0	0	0	0	0	0	0	0	0	0	0	0.85206	0	0	0	0	0	0	0	0	0	0	0	0	0	0	0	-0.61	0	0	0	0	0	0	0	0	0	0	0
Arrb1	0	0.41139	0	0	0	0	0	0	0	0	0	0	0	0	0	0	0	0	0.42121	0	0	0	0	0	0	0	0	0	0	0	0	0	0	0	0.7137	0.74543	0	0	0	0	0	0	0	0	0	0
Arrb2	0	0	0	0	0	0	0	0	0	0	0	0	0	0	0	0	0	0	0	0	0	0	0	0	0	0	0	0	0	0	0	0	0	0	0	0	0	0	-0.27953	0	0	0	0	0	0	0
Asb2	0	0	0	0	0	0	0	0	0	0	0	0	0	0	0	0	0	0	-0.34964	0	0	-0.29187	0	0	0	0	0	0	0	0	0	0	0	0	0	0	0	0	0	0	0	0	0	0	0	0
Atp2b4	0	0	0	0	0	0	0	0	0	0	0	0	0	0	0	0	0	0	0	0	0	0	0	0	0	0	0	0	0	0	0	0	0.68554	0	0	0	0	0	0	0	0	0	0	0	0	0
Atxn7	0	0.059255	0	0	0	0	0	0	0	0.37764	0	0	0	0	0	0	0	-0.39043	0.81784	0	0	0	0	0	0	0	0	0	0	0	0	0	0	0	0.41359	0	0	0	0	0	0	0	0	0	0	0
Auts2	0	0	0	0	0	0	0	0	0	0	0	0.92544	0	0.94899	0	0	0	-0.039529	0	0	0	0	0	0	0	0	0	0	0	0	0	0	0	0	0	0	0	0	0	0	0	0	0	0	0	0
Azin1	0	0.81916	0	0	0	0	0	0	0	0	0	0	0	0	0	0	0	0	0	0	0	0	0	0	0	-0.68199	0	0	0	0	0	0	0	0	0.944	0	0	0	0	0	0	0	0	0	0	0
B3galt2	0	0.57795	0	0	0	0	0	0	0	0	0	0.59171	0	0	0	0	0	0	0	0	0	0	0	0	0	0	0	0	0	0	0	0	0	0	0	0	0	0	0	0	0	0	0	0	0	0
BC005537	0	0	0	0	0	0	0	0	0	0	0	0	0	0	0	0	0	0	0	0	0	0	0	0	0.78055	0	0	0	0	0	0	0	0	0	0	0	0	0	0	0	0	0	0	0	0	0
Baiap2	0	0	0	0	0	0	0	0	0.6462	0	0	0	0	0	0	0	0	0	0	0	0	0	0	0	0	0	0	0	0	0.62736	0	0	0.86597	0	0	0	0	0	0	0	0	0	0	0	0	0
Batf3	0	0	0	0	0	0	0	0	0	0	0	0	0	0	0	0	0	0	0	0	0	0	0	0	0	0	0	0	0	0	0	0	0	0	0.91342	0	0	0	0	0	0	0	0	0	0	0
Baz1a	0	0	0	0	0	0	0	0	0	0	0	0	0	0	0	0	0	0	0	0	0	0	0	0	0.83529	0	0	0.4093	0	0	0	0	0	0	0	0	0	0	0	0	0	0	0	0	0	0
Bhlhe40	0	0.53507	0	0	0	0	0	0	0	0	0	0	0	0	0	0	0	0	0.36161	0.5727	0	0	0	0	0	0	0	0	0	0	0	0	0	0	0	0	0.96619	0	0	0	0	0	0	0	0	0
Birc2	0	0	0	0	0	0	0	0	0	0	0	0.971	0	0	0	0	0	0	0	0	0	0	0	0	0	0	0	0	0	0.48411	0	0	0.39182	0	0	0	0	0	0	0	0	0	0	0	0	0
Bpnt1	0	0	0	0	0.60865	0	0	0	0	0	0	0	0	0	0	0	0	0	0	0	0	0	0	0	0	0	0	0	0	0	0	0	0	0	0	0	0	0	0	0	0	0	0	0.86016	0	0
Brd1	0	0	0	0	0	0	0	0	0	0	0	0	0	0	0	0	0	0	0	0	0.42792	0	0	0	0.54808	0	0	0	0	0	0	0	0.098457	0	0	0	0	0	0	0	0	0	0	0	0	0
Bzw2	0	0	0	0	0	0	0	0	0	0	0	0	0	0	0	0	0	0	0	0	0	0	0	0	0	0	0	0	0.64289	0	0	0	0	0	0	0	0	0	0	0	0	0	0	0	0	0
C030046E11Rik	0	0	0	0	0	0	0	0	0	0	0	0	0	0	0	0	0	0	0	0	0	0	0	0	0.5839	0	0	0	0	0	0	0	0	0	0	0	0	0.23398	0	0	0	0	0	0	0	0
C2	0	0	0	0	0	0	0	0	0	0	0	0	0	0	0	0	0	0	0	0	0	0	0	0	0	0	0	0	0.99972	0	0.83012	0	0	0	0.99846	0	0	0	0	0	0	0	0	0	0	0
C4a	0	-0.028888	0	0	0	0	0	0	0	0	0	0	0	0.40865	0	0	0	0	0	0	0	0	0	0	0	0	0	0	0	0	0	0	0	0	0.75436	0	0	0	0	0	0	0	0	0	0	0
Cables1	0.95347	0.41569	0	0	0	0	0	0	0	0	0	0	0	0	0	0	0	0	0	0	0	0	0	0	0	0	0	0	0	0.6186	-0.27831	0	0	0	0	0	0	0	0	0	0	0	0	0	0	0
Cap2	0	0.91536	0	0	0	0	0	0	0	0	0	0	0	0	0	0	0	0.8438	-0.19805	0	0	0	0	0	0	0	0	0	0	0	0	0	0	0	0	0	0	0	0	0	0	0	0	0	0	0
Capn3	0	0	0	0	0	0	0	0	0	0	0	0.49861	0	0	0	0	0	0.94522	0	0	0	0	0	0	0	0	0	0	0	0	0.8127	0	0	0	0	0	0	0	0	0	0	0	0	0	0	0
Cblb	0	0.8541	0	0	0	0	0	0	0	0	0	0	0	0	0	0.8722	0	0	0	0	0	0.27775	0.17164	0	0	0	0	0	0	-0.28755	0	0	0	0	0	0	0	0	0	0	0	0	0	0	0	0
Ccdc6	0	0	0	0	0	0	0	0	0	0	0	0	0	0	0	0	0	0	0	0	0	0	0	0	0	0	0	0	0	0	-0.81538	0	0	0	-0.90489	0	0	0	0	0	0	0	0	0	0	0
Ccng2	0	0	0	0	0	0	0	0	0	0	0	0	0	0	0	0	0	0	0	0	0	0	0	0	0	0	0	0	0	0	0	0	0	0	-0.55586	0	0	0	0	0	0	0	0	0	0	0
Ccser2	0	0	0	0	0	0	0	0	0	0	0	0	0	0	0	0	0	0	0	0	0	0	0	0	0	0	0	0	0	0	0	0	0	0	0.95592	0	0	0	0	0	0	0	0	0	0	0
Cd164	0	0	0.30656	0	0	0	0	0	0	0	0	0	0	0	0	0	0	0	0	0	0	0	0	0	0	0	0	0	0	0	0	0	0	0	0	0	0	0	0	0	0	0	0	0	0	0
Cd200r1	0	0	0	0	0	0	0	0	0	0	0	0.94654	0	0	0	0	0	0	0	0	0	0	0	0	0	0	0	0	0	0	0	0	0	0	0	0	0	0	0	0	0	0	0	0	0	0
Cd226	0	0.66137	0	0	0	0	-0.14313	0	0	0	0	0.56762	0	0	0	0	0	0	0	0	0	0	0	0	0	0	0	0	0	-0.086476	0.67727	0	0	0	0	0	0	0	0	0	0	0	0	0	0	0
Cd44	0	0.84737	0	0	0	0	0	0	0	0.85788	0	0	0	0	0	0	0	0	0	0	0	0	0	0	0	0	0	0	0	0	0	0	0	0	0	0	0	0	0	0	0	0	0	0	0	0
Cd6	0	0	0	0	0	0	0	0	0	0	0	-0.60661	0	0	0	0	0	0	0	0	0	0	0	0	0	0	0	0	0	0	0	0	0	0	-0.56762	0	0	0	0	0	0	0	0	0	0	0
Cd82	0	0	0	0	0	0	0	0	0	0	0	0.99427	0	0	0	0	0	0	0.82294	0	0	0	0	0	0	0	0	0	0	0	0	0	0	0	0	0	0	0	0	0	0	0	0	0	0	0
Cd83	0	0	0.80056	0	0	0	0	0	0	0	0	0	0	0	0.72585	0	0	0	0	0	0	0	0	0	0	0	0	0	0	0	0	0	0	0	0	0	0	0	0	0	0	0	0	0	0	0
Cd93	0	-0.58839	0	0	0	0	0	0	0	0	0	0	0	0	0	0	0	0	0.038906	0	0	0	0	0	0	0	0	0	0	0	0	0	0	0	0	0	0	0	0	0	0	0	0	0	0	0
Cdip1	0	0	0	0	0	0	0	0	0	0	0	0	0	0	0.57901	0	0	0	0	0	0	0	0	0	0	0	0	0	0	0.91049	0	0	0	0	0	0	0	0	0	0	0	0	0	0	0	0
Cdkn1a	0	0	0	0	0.9935	0.8541	0	0	0	0	0	0	0	0	0	0	0	0	0	0	0	0	0	0	0	0	0	0	0	0	0	0	0	0	0	0	0	0	0	0	0	0	0	0	0	0
Cers4	0	0.98482	0	0	0	0	0	0	0	0	0	0.35263	0	0	0	0	0	0	0	0	0	0	0	0	0	0	0	0	0	0	0	0	0	0	0	0	0	0	0	0	0	0	0	0	0	0
Chd7	0	0	0	0	0	0	0	0	0	0	0	0	0	0	0.64081	0	0	0	0	0	0	0	0.12359	0	0	0	0	0	0	0	0	0	0.61491	0	0	0	0	0	0	0	0	0	0	0	0	0
Chst15	0	0	0	0	0	0	0	0	0	0	0	0.59328	0	0	0	0	0	0	0	0	0	0	0	0	0	0	0	0	0	0	0.92075	0	0	0	0.27269	0	0	0	0	0	0	0	0	0	0	0
Cish	0	0	0	0	0	0	0	0	0	0	0	0	0	0	0	0.38161	0	0	0	0	0	0	0	0	0	0	0	0	0.82502	0	0	0	0	0	0	0	0	0	0	0	0	0	0	0	0	0
Clasp2	0	0	0	0	0	0	0	0	0	0	0	0	0	0	0	0	0	0.81033	0	0	0	0	0	0	0	0	0	0	0	0	0	0	0	0	0	0	0	0	0	0	0	0	0	0	0	0
Clcn3	0	0	0	0	0	0	0	0	0	0	-0.76698	0	0	0	0	0	0	0	-0.60544	0	0	0	0	0	0	0.63981	0	0.030508	0	0	0	0	0	0	0.96856	0	0	0	0.91435	0	0	0	0	0	0	0
Clec2d	0	0	0	0	0	0	0	0	0	0	0	0	0	0	0	0	0	0	0	0	0	0	0	0	0	0	0	0	0	0	0	0	0	0	-0.95737	0	0	0	0	0	0	0	0	0	0	0
Cltc	0	0	0	0	0	0	0	0	0	0	0	0	0	0	0	0	0	0	0	0	0	0	0	0	0	0	0	0	0	0	0	0	0	0	0	0	0	0	0	0	0	0	0	0.63738	0	0
Cmc2	0	0.95592	0	0	0	0	0	0	0	0	0	0	0	0	0	0	0	0	0	0	0	0	0	0	0	0	0	0	0	0	0	0	0	0	0	0	0	0	0	0	0	0	0	0	0	0
Cnn2	0	0	0	0	0	0	0	0	0	0	0	0	0	0	-0.60182	0	0	0	0	0	0	0	0	0	0	0	0	0	0	0	0	0	0	0	0	0	0	0	0	0	0	0	0	0	0	0
Cnnm2	0	0	0	0	0	0	0	0	0	0.49998	0	0.61039	0	0	0	0	0	0.43585	0	0	0	0	0	0	0	0	0	0	0.76449	0.8715	0.51885	0	0	0	0	0	0	0	0	0	0	0	0	0	0	0
Cpd	0	0	0	0	0	0	0	0	0	0	0	0	0	0.9634	0	0	0	0	0	0	0	0	0	0	0	0	0	0	0	0	0	0	0	0	0	0	0	0	0	-0.8722	0	0	0	0	0	0
Cpne7	0	0	0	0	0	0	0	0	0	0	0	0	0	0	0	0	0	0	0	0	0	0	0	0	0	0	0	0	0	-0.75254	0	0	0	0	0	0	0	0	0	0	0	0	0	0	0	0
Crem	0	0	0	0	0	0	0	0	0	0	0.99427	0	0.59878	0	0	0	0	0	0	0	0	0	0	0	0.59171	0	0	0	0	0	0	0	0	0	0	0	0.96102	0.36739	0	0	0	0	0	0	0	0
Crispld2	0	0	0	0	0	0	0	0	0	0	0	0	0	0	0	0	0	0	0	0	0	0	0	0	0	0	0	0	0	0	0	0	0	0	0.1577	0	0	0	0	0	0	0	0	0	0	0
Cryaa	0	0.35682	0	0	0	0	0	0	0	0	0	0	0	0	0	0	0	0	0	0	0	0	0	0	0	0	0	0	0	0	0	0	0	0	0	0	0	0	0	0	0	0	0	0	0	0
Ctsw	0	0	0	0	0	0	0	0	0	0	0	0	0	0	0	0	0	0	0	0	0	0	0	0	0	0	0	0	0	-0.44833	0	0	0	0	0	0	0	0	0	0	0	0	0	0	0	0
Cwc25	0	0	0	0	0	0.26462	0	0	0	0	0	0	0	0.50742	0	0	0	0	0	0	0	0	0	0	0	0	0	0	0	0	0	0	0	0	0	0	0	0	0	0	0	0	0	0.7584	0	0
Cx3cl1	0	0	0	0	0	0	0	0	0	0	0	0	0	0	0.97766	0	0	0.93027	0	0	0	0	0	0	0	0	0	0	0	0	0	0	0	0	0	0	0	0	0	0	0	0	0	0	0	0
Cxcl3	0	0.96856	0	0	0	0	0	0	0	0	0	0	0	0	0	0	0	0	0	0	0	0	0	0	0	0	0	0	0	0	0	0	0	0	0	0	0	0	0	0	0	0	0	0	0	0
Cxcr5	0	0	0	0	0	0	0	0	0	0	0	0	0	0	0	0	0	0	0	0	0	0	0	0	0	0	0	0	0	0	0	0	0	0	0.66137	0	0	0	0	0	0	0	0	0	0	0
Cyfip2	0	0	0	0	0	0	0	0	0	0	0	0	0	0	0	0	0	0	0	0	0	0	0	0	0	0	0	0	0	0	0	0	0	0	0	0	0	0	-0.50112	0	0	0	0	0	0	0
Cytip	0	0	0	0	0	0	0	0	0	0	0	0	0	0	0	0	0	0	0	0	0	0	0.46289	0	0.94522	0	0	0	0	0	0	0	0	0	0.12594	0	0	0	0	0	0	0	0	0	0	0
Dars	0	0	0	0	0	0	0	0	0	0	0	0	0	0	0	0	0	0	0	0	-0.12022	-0.6878	0	0	0	0	0	0	0	0	0	0	0	0	0	0	0	0	0	0	0	0	0	0	0	0
Ddx3x	0	0	0	0	0	0	0	0	0	0	0	0	0	0	0	0	0	0.43872	0	0	0	0	0	0	0	0	0	0	0	0	0	0	0	0	0.15753	0	0.54868	0	0	0	0	0.66112	0	0	0	0
Decr1	0	-0.2216	0	0	0	0	0	0	0	0	0	-0.25558	0	0	0	0	0	0	0	0	0	0	0	0	0	0	0	0	0	0	0.7095	0	0	0	0	0	0	0	0	0	0	0	0	0	0	0
Dennd4a	0	0	0	0	0	0	0	0	0	0	0	0	0	0	0	0	0	0	0	0	0	0	0	0	0.9058	0	0	0	0	0	0	0	0	0	0	0	0	0	0	0	0	0	0	0	0	0
Dgat1	0	-0.45763	0.071798	0	0	0	0	0	0	0	0.71399	0	0	0	0	0	0	0	0	0	0	0	0	0	0	0	0	0	0	0.39043	0	0	0	0	-0.49081	0	0	0	0	0	0	0	0	0	0	0
Dgkz	0	0	0	0	0	0	0	0	0	0	0	0	0	0	0	0	0	0	0	0	0	0	0.59433	0	0	0	0	0	0	0	0	0	0	0	0	0	0	0	0	0	0	0	0	0	0	0
Dhx40	0	0	0	0	0	0	0.36267	0	0	0	0	0	0	0	0	0	0	0	0	0	0	0	0	0	0	0	0	0.43252	0	0	0	0	0	0	0.11633	0	0	0	0	0	0	0	0	0	0	0
Dnajc6	0.80453	0	0	0	0	0	0	0	0	0	0	0	0	0.98249	0	0	0	0	0	0	0	0	0	0	0	0	0	0	0	0	0	0	0	0	0	0	0	0	0	0	0	0	0	0	0	0
Dot1l	0	0	0	0	0	0	0	0	0	0	0	0	0	0	0	0	0	0	0	0	0	0	0	0	0	0	0	0	0	0.3167	0	0	0	0	0	0	0	0	0	0	0	0	0	0	0	0
Dpy19l3	0	0	0	0	0	0	0	0	0	0	0	0	0	0	0	0	0	0.4062	0.66137	0	0	0	0	0	0	0	0	0	0.25452	0	-0.31715	0	0	0	0.85735	0	0	0	0	0	0	0	0	0	0	0
Dusp1	0	0	0	0	0	0	0	0	0.92205	0	0	0	0	0	0	0	0	0.96737	0.80964	0	0	0	0	0.761	0	0	0	0	0	0	0	0	0	0	0	0	0	0	0	0	0	0	0	0	0	0
Dusp4	0	0.99735	0	0	0	0	0	0	0	0	0	0	0	0	0	0	0	0	0	0	0	0	0	0	0	0	0	0	0	0	0	0	0	0	0	0	0.66424	0	0	0	0	0	0	0	0	0
Edem1	0	0	0	0	0	0	0	0	0	0	0	0	0.82502	0	0	0	0	0	0	0	0	0	0	0	0	0	0	0	0	0	0	0	0	0	0	0	0	0	0	0	0	0	0	0	0	0
Eef2k	0	0	0	0	0	0	0	0	0	0	0	0	0	0	0	0	0.043861	0	0	0	0	0	0	0	0	0.5605	0	0	0	0	0	0	0	0	0.84709	0	0	0	0	0	0	0	0	0	0	0
Egln3	0	0	0	0	0	0	0	0	0	0	0	0	0	0	0	0	0	0.94654	0	0	0	0	0	0	0	0	0	0	0	0	0	0	0	0	0	0	0	0	0	0	0	0	0	0	0	0
Ehd1	0	-0.051994	0	0	0.83108	0	0	0	0	0	0	0	0	0	0	0	0	-0.94763	0	0	0.71563	0	-0.9027	0	0	0	0	0	0	0	0	0	0	0	0	0	0	0.8864	0	0	0	0	0	0	0	0
Ell2	0	0	0	0	0.56089	0	0	0	0.73867	0	0	0.6534	0	0	0	0	0	-0.66112	0.79863	0	0	0	0	0	0.39182	0	0	0	0.088906	0	0	0.76239	0	0	0	0	0.82347	0	0	0	0	0.71999	0	0.49319	0	0
Elovl5	0	0	0	0	0	0	0	0	0	0	0	0	0	0	0	0	0	0	0	0	0.45763	0	0	0	0	0	0	0	0	0	0	0	0	0	0.64902	0	0	0	0	0	0	0	0	0	0	0
Emb	0	0	0	0	0	0	0	0	0	-0.98146	0.4505	0	0	0	0	0	0	-0.79123	0.7728	0	0.45304	0	0	0	0	0	0	0	0	0.7326	0	0	0	0	0.96469	0	0	0	0	0	0	0	0	0	0	0
Emd	0	0	0	0	0.73316	0	0	0	0	0	0.57225	0	0	0	0	0	0	0	0	0	0	0	0	0	0	0	0	0	0	0	0	0	0	0	0	0	0.37172	0	0	0	0	0	0	0	0	0
Enpp5	0	0	0	0	0	0	0	0	0	0	0	0	0	0	0	0	0	0	0	0	0	0	0	0	0	0	0	0	0	-0.22057	0	0	0	0	0	0	0	0	0	0	0	0	0	0	0	0
Epas1	0	0	0	0	0	0	0	0	0	0	0.44947	0.92205	0	0	0	0	0	0	0	0	0	0	0	0	0	0	0	0	0	0	0	0	0	0	0	0	0.7792	0	0	0	0	0	0	0	0	0
Epb4.1	0	0	0	0	0	0	0	0	0	0	0	0	0	0	0	0	0	0	0	0	0	0.3823	0	0	0	0.053443	0	0	0	0	0	0	0	0	0	0	0	0	0	0	0	0	0	0	0	0
Eprs	0	0	0	0	0	0.39	0	0	0	0	0	0	0	0	0	0	0	0	0	0	0	0	0	0	0	0	0	0	0	0	0	0	0	0	0.92431	0	0	0	0	0	0	0.39266	0	0.87956	0	0
Erbb2ip	0	0	0	0	0	0	0	0	0	0	0	0	0	0	0	0	0	0	0	0	0	0	0	0.99677	0	0	0	0	0	0	0	0	0	0	0	0	0	0	0	0	0	0	0	0	0	0
Ern1	0	0	0	0	0	0.65935	0	0	0	0	0	0	0	0	0	0	0	0	0	0	0	0	0	0.47387	0.8337	0	0	0	0	0.9949	0	0	0	0	0	0	0	0	0	0	0	0	0	0	0	0
Esyt2	0	0	0	0	0	0	0	0	0	0	0	0	0	0	0	0	0	0	0	0	0	0	0	0	0	0	0	0	0	0	0	0	0	0	0	0	0	0	0	0	0	0	0	0	-0.69721	0
Etnk1	0	-0.77664	0	0	0	0	0	0	0	0	0	0	0	0	0	0	0	0	-0.73607	0	0	0	0	0	0	0	0	0	0	0	0	0	0	0	0.86261	0	0	0	0	0	0	0	0	0	0	0
Ezr	0	0.5605	0	0	0	0	0	0	0	0	0	0	0	0	0	0	0	0.4191	0	0	0	0	0.87588	0	0	0	0	0	0	0	0	0	0.90975	0	-0.53724	0	0	0	0	0	0	0	0	0	0	0
Fam167a	0.74886	0	0	0	0	0	0	0	0	0	0	0	0	0	0	0	0	0	0	0	0	0	0	0	0	0	0	0	0	0	0	0	0	0	0.91865	0	0	0	0	0	0	0	0	0	0	0
Fam184b	0	0	0	0	0	0	0	0	0	0	0	0	0	0	0	0	0	0	-0.52607	0	0	0	0	0	0	0	0	0	0	0.3242	0	0	0	0	0.88261	0	0	0	0	0	0	0	0	0	0	0
Fam189b	0	0	0	0	0	0	0	0	0	0	0	0	0	0	0	0	0	0	0	0	-0.53658	0	0	0	0	0	0	0	0	0	0	0	0	0	0	0	0	0	0	0	0	0	0	0	0	0
Fam46a	0	0	0	0	0	0	0.67778	0	0	0	0	0	0	0	0	0	0	0	0	0	0	0	0	0	0	0	0	0	0	0	0	0.78101	0	0	0	0	0	0	0	0	0	0	0	0	0	0
Fam71a	0	0	0	0	0	0	0	0	0	0	0	0	0	0	0	0	0	0	0	0.528	0	0	0	0	0	0	0	0	0	0	0	0	0	0	0	0	0.007962	0	0	0	0	0	0	0	0	0
Fasl	0	0	0	0	0	0	0	0	0	0	0	0	0	0	0	0	0	0	0	0	0	0	0	0	0	0	0	0	0	0	0	0	-0.19137	0	0	0	0	0	0	0	0	0	0	0	0	0
Fes	0	0	0	0	0	0	0	0	0	0	0	0	0	0	0	0	0	0	0.49131	0	0	0	0	0	0	0	0	0	0	0	0	0	0	0	0	0	0	0	0	0	0	0	0	0	0	0
Flna	0	0	0	0	0	0	0	0	0	0	0	0	0	0	0	0	0	0	0.66719	0	0	0	0	0	0	0	0	0	0	0	0	0	0	0	0	0	0	0	0	0	0	0	0	0	0	0
Flnb	0	0	0	0	0	0	0	0	0	0	0	0.89367	0	0	0	0	0	-0.63936	0	0	0	0	0	0	0	0	0	0	0	0	0	0	0	0	0	0.12022	0	0	0	0	0	0	0	0	0	0
Fnbp1	0	0	0	0	0	0	0	0	-0.88654	0	0	0	0	0	0	0	0	0	0.44032	0	0	0	0	0	0	0	0	0	0	0	0	0	0	0	0	0	0	0	0	0	0	0	0	0	0	0
Fos	0	0	0	0	0	0	0	0	0	0.95041	0	0	0	0	0	0	0	0.49397	0	0	0	0	0.62925	0	0	0	0	0	0	0	0	0	0	0	0	0	0	0	0	0	0	0	0	0	0	0
Foxa1	0	0	0	0	0	0	0	0	0	0	0	0	0	0	0	0	0	0	0.25486	0	0	0	0	0	0	0	0	0	0	0.73337	0	0	0	0	0	0	0	0	0	0	0	0	0	0	0	0
Foxo1	0	0.25266	0	0	0	0	0	0	0	0	0	0	0	0	0	0	-0.76909	0	0	0	0	0	0	0	0	0	0	0	0	0	0	0	0	0	0	0	0	0.75436	0	0	0	0	0	0	0	-0.69389
Frmd6	0	0.48501	0	0	0	0	0	0	0	0	0	0	0	0	0	0	0	-0.6505	0.66209	0	0	0	0	0	0	0	0	0	0	0	0.735	0	0	0	0	0	0	0	0	0	0	0	0	0	0	0
Fryl	0	0.22675	0	0	0	0	0	0	0	0	0	0	0	0	0	0	0	0	0	0	0	0	0	0	0	0	0	0	-0.41669	0	0	0	0	0	0	0	0	0	0	0	0	0	0	0	0	0
Furin	0	0	0	0	0	0	0	0	-0.96469	0.32297	0	0	0	0	0	0	0	0	0.6186	0	0	0	0	0	0	0	0	0	0.9027	0.97325	0	0	0	0	0	0	0	0	0	0	0	0	0	0	0	0
Gab3	0	0.93027	0	0	0	0	0	0	0	0	0	0	0	0	0	0	0	0	0	0	0	0	0	0	0	0	0	0	0	0	0	0	0	0	-0.11027	0	0	0	0	0	0	0	0	0	0	0
Galnt2	0	0	0	0	0	0	0	0	0	0	0	0	0	0	0	0	0	0	0	0	0	0	0	0	0	0.94522	0	0	0	0	0	0	0	0	0	0	0	0	0	0	0	0	0	0	0	0
Gch1	0	0	0	0	0	0.7235	0	0	0	0	0	0	0	0	0.026145	0	0	0	0	0	0	0	0	0	0	0	0	0	0	0	0	0	0	0	0	0	0	0	0	0	0	0	0	0	0	0
Gcnt2	0	0.82194	0	0	0	0	0	0	0	0	0	0	0	0	0	0	0	0.82819	0	0	0	0	0	0	0	0	0	0	0	0	0	0	0	0	0	0	0	0	0	0	0	0	0	0	0	0
Gimap1	0	0	0	0	0	0	0	0	0	0	0	0	0	0	0	0	0	0	0	0.23054	0	0	0	0	0	0	0	0	0	0	0	0	0	0	0	0	0	0	-0.64166	0	0	0	-0.9634	0	0	0
Gimap6	0	0	0	0	0	0	0.7711	0	0	0	0	0	0	0	-0.20072	0	0	0	0	0	0	0	0.060128	0	0	0	0	0	0	0	0	0	0.9634	0	0	0	0	0	0	0	0	0	0	0	0	0
Gimap7	0	0	0	0	0	0	0.85888	0	0	0	0	0	-0.1857	0	-0.1469	0	0	0	0	0	0	0	0	0	0	0	0	0	0	0	0	0	0.88218	0	0	0	0	0	0	0	0	0	0	0	0	0
Gimap8	0	0	0	0	0	0	0	0	0	0	0	0	0	0	0	0	0	0	0	0	0	0	0	0	0	0	0	0	0	0	0	0	0	0	0	0	0	0	-0.28084	0	0	0	0	0	0	0
Gjb2	0	0.97853	0.51465	0	0	0	0	0	0	0	0	0	0	0	0	0	0	0	0	0	0	0	0	0	0	0	0	0	0	0	0	0	0	0	0.96737	0	0	0	0	0	0	0	0	0	0	0
Gls2	0	0	0	0	0	0	0	0	0	0	0	0	0	0	0	0	0	0	0.75365	0	0	0	0	0	0	0	0	0	0	0	0	0	0	0	0.22392	0	0.05469	0	0	0	0	0	0	0	0	0
Gm16702	0	0	0	0	0	0	0	0	0	0	0	0	0	0	0	0	0	0	0	0	0	0	0	0	0	0	0	0	0	0	0.076348	0	0	0	0	0	0	0	0	0	0	0	0	0	0	0
Gm4944	0	0	0	0	0	0	0	0	0	0	0	0	0	0	0	0	0	0	-0.39559	0	0	0	0	0	0	0	0	0	0	0	0	0	0	0	0	0	0	0	0	0	0	0	0	0	0	0
Gm4956	-0.20072	0	0	0	0	0	0	0	0	0	0	0	0	0	0	0	0	0	0	0	0	0	0	0	0	0	0	0	0	0	0	0	0	0	0	0	0	0	0	0	0	0	0	0	0	0
Gna13	0	0	0	0	0.88724	0	0	0	0	0	0	0	0	0	0.61656	0	0	0	0	0	0	0	0	0	0	0	0	0	0	0	0	0	0	0	0	0	0	0	0	0	0	0	0	0	0	0
Gnpda2	0	0.9914	0	0	0	0	0	0	-0.024213	0	0	0	0	0	0	0	0	0	-0.40285	0	0	0	0	0	0	0	0	0	0	0	0	0	0	0	0	0	0	0	0	0	0	0	0	0	0	0
Gpr132	0	0	0.74464	0	0	0.20199	0	0	0	0	0.4717	0	0	0	0	0	0	0	0	0	0	0	0	0	0	0	0	0	0	0	0	0	0	0	0	0	0	0	0	0	0	0	0	0	0	0
Gpr157	0	0	0	0	0	0	0	0	0	0	0	0	0	0	0	0	0	0	0	0	0	0	0	0	0	0	0	0	0	0	0.99677	0	0	0	0.90835	0	0	0	0	0	0	0	0	0	0	0
Grcc10	0	0	0	0	0	0	0	0	0	0	0	0	0	0	0	0	0	0	0	0	0	0	0.91248	0	0	0	0	0	0	0	0	0	0	0	0	0	0	0	0	0	0	0	0	0	0	0
Gstcd	0	-0.53272	0	0	0	0	0	0	0	0	0	0	0	0	0	0	0	0	0	0	0	0	0	0	0	0	0	0	0	0	0	0	0	0	0	0	0	0	0	0	0	0	0	0	0	0
Gtpbp1	0	0	0	0	0	0	0	0	0	0	0	0	0	0	0	0	0	0	0	0	0.54163	0	0	0	0	0	0	0	0	0	0	0	0.83694	0	0	0	0	0	0	0	0	0	0	0	0	0
Gzmb	0	0	0	0	0	0	0	0	0	0	0	0	0	0	0	0	0	0	0	0	0	0	0	0	0	0	0	0	0	0	0	0	0.99846	0	0	0	0	0	0	0	0	0	0	0	0	0
Gzmc	0	0.8493	0	0	0	0	0	0	0	0	0	0	0	0	0	0	0	0	0	0	0	0	0	0	0	0	0	0	0	0	0	0	0	0	-0.3838	0	0	0	0	0	0.53535	0	0	0	0	0
Hccs	0	0	0	0	0	0	0	0	0	0	0	0	0	0	0	0	0	0	0	0	0	0	0	0	0	0	0	0	0	0	0	0	0	0	0	0	0.3823	0	0	0	0	0	0	0.45678	0	0
Hgsnat	0	0	0	0	0	0	0	0	0	0	0	0	0	0	0	0	0	0	0.21401	0	0	0	0	0	0	0	0	0	0	0	0	0	0	0	0	0	0	0	0	0	0	0	0	0	0	0
Hivep1	0	0	0	0	0	0	0	0	0	0	0	0	0	0	0.71505	0	0	0	0	0	0	0	0	0	0	0.097227	0.24797	0	0	0	0	0	0	0	0	0	0	0	0	0	0	0	0.729	0	0	0
Hk2	0	0	0	0	0	0	0	0	0	0	0	0	0	0	0	0	0	0.81686	0	0	0	0	0	0	0	0	0	0	0	0	0	0	0	0	0	0	0	0	0	0	0	0	0	0	0	0
Hmces	0	0	0	0	0.17518	0	0	0	0	0	0	0	0	0	0	0	0	0	0	0	0	0	0	0	0.82194	0	0	0	0	0	0	0	0.8595	0	0	0	0	0	0	0	0	0	0	0	0	0
Hpgds	0	0	0	0	0	0	0	0	0	0	0	0	0	0	0	0	0	0	0	0	0	0	0	0	0	0	0	0	0.93183	0	0	0	0	0	0	0	0	0	0	0	0	0	0	0	0	0
Hspa1a	0	0.25382	0	0	0	0	0	0	0	0	0	0	0	0	0	0	0.15028	0	0	-0.25347	0	0	0	0	0	0	0	0	0	0	0	0	0	0	0	0	0	0	0	0	0	0	0	0	0	0
Hspa1b	0	0.61745	0	0	0	0	0	0	0	0	0	0	0	0	0	0	0	0.61106	0	0.43735	0	0	0	0	0	0	0	0	0	0	0	0	0	0	0	0	0	0	0	0	0	0	0	0	0	0
Hspa4	0	0	0	0	0	0	0	0	0	0	0	0	0	0	0	0	0	0	0	0	0	0	0	0	0	0	0	0	0.77315	0	0	0	0	0	0	0	0	0	0	0	0	0	0	0	0	0
Hvcn1	0	0	0	0	0	0	0	0	0	0	0	0	0	0	0	0	0	0	0	0	0	0	0	0	0	0	0	0	0	0	0	0	0	0	0	0	0	0	0	0.042692	0	0	0	0	0	0
Icam1	0	0	0	0	0	0	0	0	0	0	0	0	0	0	0	0	0	0	0	0.12831	0	0	0	0	0	0	0	0	0	0	0	0	0	0	0	0	0	0	0	0	0	0	0	0	0	0
Ifngr1	0	0.89961	0	0	0	0	0	0	0	0	0	0	0.90975	0	0	0	0	0	0	0	0	0	0	0	0	0	0	0	0	0	0	0	0	0	0	0	0	0	0	0	0	0	0	0	0	0
Ikzf3	0	-0.38817	0	0	0	0	0	0	0	0	0	0	0	0	0	0	0	0	0	0	0	0	0	0	0	0	0	0	0.26745	0	0	0	0	0	0	0	0	0	0	0	0	0	0	0	0	0
Il16	0	0	0	0	0	0	0	0	0	0	0	0	0	0	0	0	0	0	0	0	0	0	0	0	0	0	0	0	0	0	0	0	0	0	0	0	0	0	0	0	0	0	0	-0.37602	0	0
Il17a	0	0	0	0	0	0	0	0	0.87007	-0.42005	0	0	0	0	0	0	0	0	0	0	0	0	0	0	0	0	0	0	0	0	0	0	0	0	-0.022951	0	0	0	-0.14758	0	0	0	0	0	0	0
Il17f	0	0.33091	0	0	0	0	0	0	0	0	0.37172	0	0	0	0	0	0	0	0	0	0	0	0	0	0	-0.14489	0	0	0	0	0	0	0	0	0	0	0	0	0.95592	0	0	0	0	0	0	0
Il2ra	0	-0.6959	0	0	0	0	0	0	0	0	0	0	0	0	0	0	0	0.84883	0	0	0	0	0	0	0	0	0	0	0	0.11309	0	0	0	0	0.098239	0	0	0	0.97546	0	0	0	0	0	0	0
Il2rb	0	0	0	0	0	0	0	0	0	0	0	0	0.78792	0	0	0	0	0	0	0	0	0	0	0	0	0	0	0	0	0	0	0	0	0	0	0	0	0	0	0	0	0	0	0	0	0
Il4ra	0	0.8595	0	0	0	0	0	0	0.50506	0	0	0	0.013509	0	0	0	0	0	0	0	0	0	-0.40419	0	0	0	0	0	0	0	0	0	0	0	-0.40681	0	0	0	0	0	0	0	0	0	0	0
Il7r	0	0	0	0	0	0	0	0	0	0	0	0.84157	0	0	0	0	0	0	0	0	0	0	0	0	0	0	0	0	0.29966	0	0.90354	0	0	0	0.99892	0	0	0	0	0	0	0	0	0	0	0
Ip6k1	0	0	0	0	0	0	0	0.61912	0	0	0	0.6132	0	0	0	0	0	0	0	0	0	0	0	0	0	0	0	0	0	0	0	0	0	0	0	0	0	0	0	0	0	0	0	0	0	0
Ipcef1	0	0.26483	0	0	0	0	-0.45793	0	0	0	0	0	0	0	0	0	0	0	0	0	0	0	0	0	0	0	0	0	0	0	0	0	0.95592	0	0	0	0	0	-0.37021	0	0	0	0	0	0	0
Irak2	0	-0.15545	0	0	0	0	0	0	0	0	0	0.37549	0	0	0	0	0	0.57019	0	0	0	0	0	0	0	0.095918	0	0	0	0	0	0	0	0	0	0	0	0	0.86396	0	0	0	0	0	0	0
Irf1	0	0	0	0	0	0	0	0	0	0	0	0	0	0	0	0	0	0	0	0.83345	0	0	0	0	0	0	0	0	0	0	0	0	0	0	0	0	0	0	0	0	0	0	0	0	0	0
Itga4	0	0	0	0	0	0	0	0	0	0	0	0	0	0	0	0	0	0	0	0	0	0	0	0	0	0	0	0	0	-0.62398	0	0	0	0	0	0	0	0	0	0	0	0	0	0	0	0
Itgav	0	0	0	0	0	0	0	0	0.78244	0	0	0	0	0	0	0	0	0	0.80175	0	0	0	0	0	0	0	0	0	0	0	0	0	0	0	0	0	0	0	0	0	0	0	0	0	0	0
Itgb2	0	0	0	0	0	0	-0.83062	0	0	0	0	0	0	0	0	0	0	0	0	0	0	0	0	0	0	0	0	0	0	0	0	0	0	0	-0.98724	0	0	0	0	0	0	0	0	0	0	0
Itgb3	0	0	0	0	0	0	0.84523	0	0	0	0	0	0	0	0	0	0	-0.69316	0	0	0	0	0	0	0	0	0	0	0	0	0	0	0	0	0	0	0	0	0	0	0	0	0	0	0	0
Itgb4	0	0	0	0	0	0	0	0	0	0	0	0	0	0	0	0	0	0	0	0	0	0	0	0	0	0	0	0	0	0	0	0	0	0	-0.65986	0	0	0	0	0	0	0	0	0	0	0
Itk	0	0	0	0	0	0	0	0	0	0	0	0	0	0	0	0	0	0	0	0	0	0	0	0	0	0	0	0	0.90416	0	0	0	0.97217	0	0	0	0	0	0	0	0	0	0	0	0	0
Itpkb	0	0	0	0	0	0	0	0	0	0	0	0	0	0	0	0	0	0	0	0	0	0	0	0	0	0	0	0	0	0	0	0	0	0	-0.5967	0	0	0	0	0	0	0	0	0	0	0
Jmy	0	0	0	0	0	0.26653	0	0	0	-0.45087	0	0	0	0	0	0	0	0	0	0	0	0	0	0	0	0	0	0	0	0	0	0	0	0	0	0	0	0	0	0	0	0.42918	0	0	0	0
Josd1	0	0	0	0	0	0	0	0	0	0	0	0	0	0	0.29074	0	0	0	0	0	0	0	0	0	0	0	0	0	0	0	0	0	0	0	0	0	0	0	0	0	0	0	0	0	0	0
Jun	0	0	0	0	0	0	0	0	0.94522	0	0	0	0	0	0	0	0.12214	0	0.1112	0.99243	0	0	0	0.68691	0	0	0	0	0	0	0	0	0	0	0	0	0	0	0	0	0	0	0	0	0	0
Jund	0	0	0	0	0	0	0	0	0	0	0	0	0	0	0	0	0	0.99952	0	0	0	0	0.40818	0.93306	0	0	0	0	0	0	0	0	0	0	0	0	0	0	0	0	0	0	0	0	0	0
Kctd12	0	0	0.22057	0	0	0	0	0	0	0	0	0	0	0	0	0	0	0	0	0	0.96737	0	0	0.63618	0	0	0	0	0	0	0	0	0	0	0	0	0	0	0	0	0	0	0	0	0	0
Kdm2b	0	0	0	0	0	0.61985	0	0	0	0	0	0	0	0	0	0	0	0	0	0	0	0	0.27652	0	0	0	0.93183	0	0	0	0	0	0	0	0	0	0	0.71945	0	0	0	0	0	0	0	0
Kdm6b	0	0	0	0	0	0.99586	0	0	0	0	0	0	0	0	0.57982	0	0	0	0	0	0.55816	0	0	0	0	0	0	0	0	0.7308	0	0	0	0	0	0	0.93565	0	0	0	0	0	0	0	0	0
Kif13a	0	-0.57982	0	0	0	0	0	0	0	0	0	0.5967	0	0	0	0	0	0	0	0	0	0	0	0	0	0	0	0	0	0	0.81033	0	0	0	0.96737	0	0	0	0	0	0	0	0	0	0	0
Kit	0	0.097227	0	0	0	0	0	0	0	0	0	0	0	0	0	0	0	0	0	0	0	0	0	0	0	0	0	0	0	0	0	0	0	0	0.94246	0	0	0	0	0	0	0	0	0	0	0
Klf13	0	0	0	0	0	0	0	0	0	0	0	0	0	0	-0.54721	0	0	0	0	0	0	0	0	0	0	0	0	0	-0.041025	0	0	0	0	0	0	0	0	0	0	0	0	0	0	0	0	0
Klf2	0	0	0	0	0	0	0	0	0	0	0	0	0	0	0	0	0	0	0	0.88581	0	0	0	0	0	0	0	0	0	0	0	0	0	-0.43116	0	0	0	0	0	0	0	0	0	0	0	0
Klf6	0	0	0	0	0	0	0	0	0	0	0	0	0	0	0	0	0	0.45623	0	0.8753	0	0	0	0	0	0	0	0	0	0	0	0	0	0	0	0	0	0	0	0	0	0	0	0	0	0
Klhl6	0	0	0	0	0	0	0	0	0	0	0	-0.16151	0	0	0	0	0	0	0	0	0	0	0	0	0	0	0	0	0	0	0	0	0	0	0	0	0	0	0	0	0	0	0	0	0	0
Klrb1b	0	0.98563	0	0	0	0	0	0	0	0	0	0	0	0	0	0	0	0	0	0	0	0	0	0	0	0	0	0	0	0	0	0	0	0	0	0	0	0	0	0	0	0	0	0	0	0
Klrb1c	0	0	0	0	0	0	-0.84849	0	0	0	0	0	0	0	0	0	0	0	0	0	0	0	0	0	0	0	0	0	-0.84247	0	0	0	0.84883	0	-0.49684	0	0	0	0	0	0	0	0	0	0	0
Klrk1	0	0	0	0	0	0	0	0	0	0	0	-0.98035	0	0	0	0	0	0	0	0	0	0	0	0	0	0	0	0	0	0	0	0	0	0	0	0	0	0	0	0	0	0	0	0	0	0
Kpna1	0	0	0	0	0.084138	0	0	0	0	0	0	0	0	0	0	0	0	0	0	0	0	0	0	0	0.98249	0	0	0	0	0	0	0	0	0	0	0	0.92315	0	0	0	0	0	0	0	0	0
Krt18	0	0	0	0	0	0	0	0	0	0	0	0	0	0	0	0	0	0	0.44547	0	0	0	0	0	0	0	0	0	0	0	0	0	0	0	0	0	0	0	0	0	0	0	0	0	0	0
Lamc1	0	0	0	0	0	0	0	0	0	0	0	0.87075	0	0	0	0	0	-0.56549	0	0	0	0	0	0	0	0	0	0	0	0	0	0	0	0	0.53334	0	0	0	0	0	0	0	0	0	0	0
Laptm4b	0	0	0	0	0	0	0	0	0	0	0	0	0	0	0	0	0	0	0	0	0	0	0	0	0	0	0	0	0	-0.80486	0	0	0	0	0	0	0	0	0	0	0	0	0	0	0	0
Large	0	0	0	0	0	0	0	0	0	0	0	0.89662	0	0	0	0	0	0	-0.60305	0	0	0	0	0	0	0	0	0	0	0	0.47967	0	0	0	0.80531	0.54765	0	0	0	0	0	0	0	0	0	0
Lats2	0	0.83987	0	0	0	0	0	0	0	0	0	0	0	0	0	0	0	0.76909	0	0	0	0	0	0	0	0	0	0	0	0	0	0	0	0	0	0	0	0	0	0	0	0	0	0	0	0
Lemd3	0	0	0	0	0	0	0	0	0	0	0	0	0.23755	0	0	0	0	0	0	0	0	0	0	0	0	0	0	0	0	0	0	0	0	0	0	0	0	0	0	0	0	0	0	0	0	0
Lin54	0	0	0	0	0	0	0	0	0	0	0	0	0	0	0	0	0	0	0	0	0	0	0	0	0	0	0	0	0	0	0	0	0.88679	0	0	0	0	0	0	0	0	0	0.99084	0	0	0
Litaf	0	0	0	0	0.62484	0	0	0	-0.60444	0	0	0	0	0	0	0	0	0	0	0	0	0	0	0	0	0	0	0	0	0	0	0	0.8735	0	0	0	0	0	0	0	0	0	0	0	0	0
Lonrf3	0	0	0	0	0	0	0	0	0	0	0	0.6076	0	0.69115	0	0	0	0	0.94899	0	0	0	0	0	0	0	0	0	0	0	0.72639	0	0	0	0	0	0	0	0	0	0	0	0	0	0	0
Lpar1	0	0	0	0	0	0	0	0	0	0	0	0	0	0	0	0	0	0.37206	-0.71655	0	0	0	0	0	0	0	0	0	0	0	0	0	0	0	0	0	0	0	0	0	0	0	0	0	0	0
Lrrc20	0	0.81209	0	0	0	0	0	0	0	0	0	0	0	0	0	0	0	0	0	0	0	0	0	0	0	0	0	0	0	0	0	0	0	0	0	0	0	0	0	0	0	0	0	0	0	0
Lrrc49	0	-0.3045	0	0	0	0	0	0	0	0	0	0	0	0	0	0	0	0	0	0	0	0	0	0	0	0	0	0	0	0	0	0	0	0	0	0	0	0	0	0	0	0	0	0	0	0
Lrrc8d	0	0	0	0	0	0	0	0	0	0	0	0	0	0	0	0	0	0	0	0	0.94522	0	0	0	0.87817	0	0	0	0	0	0	0	0	0	0	0	0	0.47689	0	0	0	0	0	0	0	0
Lrrn2	0	0.90489	0	0	0	0	0	0	0	0	0	0	0	0	0	0	0	0	0	0	0	0	0	0	0	0	0	0	0	0	0.65572	0	0	0	0	0	0	0	0	0	0	0	0	0	0	0
Ltb4r1	0	0.77664	0	0	0	0	0	0	0	0	0	0	0	0	0	0	0	0	0	0	0	0	0	0	0	0	0	0	0.69137	0	0.91144	0	0	0	0	0	0	0	0	0	0	0	0	0	0	0
Ly86	0.95347	0	0	0	0	0	0	0	0	0	0	-0.39148	0	0	0	0	0	0	0	0	0	0	0	0	0	0	0	0	0	0	0.44547	0	0	0	0	0	0	0	0	0	0	0	0	0	0	0
Lyn	0	0	0	0	0	0	0	0	0	0	0	0	0	0	0	0	0	0	0	0	0.66368	0	0	0	0	0	0	0	0	0	0	0	0.68898	0	0	0	0.61624	0	0	0	0	0	0	0	0	0
M6pr	0	-0.98035	0	0	0	0	0	0	0	0	0	0	0	0	0	0	0	0	0	0	0	0	0	0	0	0	0	0	0	0	0	0	-0.70044	0	0.089436	0	0	0	0	0	0	0	0	0	0	0
Mafk	0	0	0	0	0	0.37021	0	0	0	0	0	0	0.03283	0	0	0	0	0	0	0.63066	0	0	0	0	0	0	0	0	0	0	0	0	0	0	0	0	0	0	0	0	0	0	0	0	0	0
Malt1	0	0	0	0	0	0	0	0	0	0	0	0	0	0	0	0	0	0	0	0	0	0	0	0	0	0	0	0	0	0	0	0	0.59925	0	-0.97666	0	0	0	0	0	0	0	0	0	0	0
Maml1	0	0	0	0	0	0	0	0	0	0	0	0	0.16938	0	0	0	0	0	0	0	0	0	0	0	0	0	0	0	0	0	0	0	0	0	0	0	0	0	0.33478	0	0	0	0	0	0	0
Map3k1	0	0	0	0	0	0	0.27706	0	0	0	0	0	0	0	0	0	0	0	0	0	0	0.19526	0	0	0	0	0.6959	0	0	0	0	0	0.76639	0	0	0	0	0	0	0	0	0	0	0	0	0
Map3k14	0	0	0	0	0	0	0	0	0	0	0	0	0	0	0	0	0	0.087473	0.48571	0.68501	0	0	0	0	0	0	0	0	0	0	0	0	0	0	0	0	0	0	0	0	0	0	0	0	0	0
Mapk10	0.98406	0	0	0	0	0	0	0	0	0	0	0	0	0	0	0	0	0.64174	-0.70704	0	0	0	0	0	0	0	0	0	0	0	0	0	0	0	0	0	0	0	0	0	0	0	0	0	0	0
Mapkapk2	0	-0.62602	0.26522	0	0	0	0	0	0	0	0	0	0	0	0	0	0	0	0	0	0	0	0	0	0	0	0	0	0	0	0	0	0.9027	0	0.34673	0	0	0	0.98406	0	0	0	0	0	0	0
Mapkapk3	0	0	0	0	0	0	0	0	0	0	0	0	0	0	0.066656	0	0	0	0.4972	0	0	0	-0.74864	0	0	0	0	0	0	0.59983	0	0	0	0	-0.36797	0	0	0	0	0	0	0	0	0	0	0
Marcksl1	0	0	0	0	0	0	0	0	0	0	0	0	0	0	0.95737	0	0	-0.59156	0	0	0	0	0	0	0	0	0	-0.98035	0	0	0	0	0	0	0	0	0	0	0	0	0	0	0	0	0	0
Mb21d1	0	0	0	0	0	0	0	0	0	0	0	0	0	-0.57608	0	0	0	0	0	0	0	0	0	0	0	0	0	0	0	0	0	0	0	0	0	0	0	0	0	0	0	0	0	0	0	0
Mbp	0	-0.71591	0	0	0	0	0	0	0.72227	0.31014	0	0	0	0	0	0	0	0	0.88052	0	0	0	0	0	0	0	0	0	0	0	0	0	-0.21602	0	-0.31242	0	0	0	0	0	0	0	0	0	0	0
Mcat	0	0	0	0	0	0	0	0	0	0	0	0	0	0	0	0	0	0	-0.21907	0	0	0	0	0	0	0	0	0	0	0	0	0	0	0	0	0	0	0	0	0	0	0	0	0	0	0
Med13	0	0	0	0	0	0	0	0	0	0	0	0	0.022421	0	0.81631	0	0	0	0	0	0	0	0	0	0	0	0	0	0	0	0	0	0	0	0	0	0	0	0	0	0	0	0.90746	0	0	0
Megf9	0	0	0	0	0	0	0	0	0	0	0	0.84434	0	0	0	0	0	0.99084	0	0	0	0	0	0	0	0	0	0	0	0	0	0	0	0	0.84709	0	0	0	0	0	0	0	0	0	0	0
Mettl15	0	0	0	0	0	0	0	-0.44434	0	0	0	0	0	0	0	0	0	0	-0.33782	0	0	0	0	0	0	0	0	0	0	0	0	0	0	0	0	0	0	0	0	0	0	0	0	0	0	0
Mex3c	0	0	0	0	0	0	0	0	-0.80335	0	0	0	0	0	0	0	0	0	0.93967	0	0	0	0	0	0	0	0	0	0	0	0	0	0	0	0	0	0	0	0	0	0	0	0	0	0	0
Mfsd6	0	0.87817	0	0	0	0	0	0	0	0	0	0	0	0	0.36663	0	0	-0.7137	0.52222	0	0	0	0	0	0	0	0	0	0	0.58163	0	0	0	0	0.022125	0	0	0	0	0	0	0	0	0	0	0
Mgat4a	0	0	0	0	0	0	0	0	0	0	0	0	0	0	0	0	0	0.86396	-0.77364	0	0	0.31242	0	0	0	0	0	0	0	0	0	0	0	0	0.66918	0	0	0	0	0	0	0	0	0	0	0
Mgea5	0	0	0	0	0	0	0	0	0	0	0	0	0	0	0	0	0	0	0	0	0	0	0	0	0	0	0	0	0	0	0	0	0	0	0	0	0	0	0	0	0.74227	0	0.98665	0	0	0
Midn	0	0	0	0	0	0	0	0	0	0	0	0	0	0	0	0	0.56089	0	0	0	0	0	0	0	0	0	0	0	0	0	0	0	0	0	0	0	0	0	0	0	0	0	0	0	0	0
Mlxip	0	0.29074	0	0	0	0	0	0	0	0	0	0	0	0	0	0	0	0	0	0	0.92663	0	0	0	0	0	0	0	0	0	0	0	0	0	0	0	0	0.092895	0	0	0	0	0	-0.28475	0	0
Mmd	0	0	0	0	0	0	0	0	0	0	0	0	0	0	0	0	0	0	0	0	0	0	0.67703	0	0	0	0	0	0	0	0	0	0.971	0	0	0	0	0	0	0	0	0	0	0	0	0
Mpzl3	0.24903	0.62485	0	0	0	0	0	0	0	0	0	0	0	0	0	0	0	0.39746	0.69882	0	0	0	0	0	0	0	0	0	0	0	0	0	0	0	0.27652	0	0	0	0	0	0	0	0	0	0	0
Mrpl30	0	0	0	0	0	0	0	0	0	0	0	0	0	0	0	0	0	0	0	0	0	0	0	0	0	0	0	0	0	0	0	0	0	0	0	-0.50457	0	0	0	0	0	0	0	0	0	0
Mtif2	0	0	0	0	0	0	0	0	0	0	0	0	0	0	0	0	0	0	-0.70525	0	0	0	0	0	0	0	0	0	0	0	0	0	0	0	0	0	0	0	0	0	0	0	0	0	0	0
Myd88	0	0	0	0	0	0	0	0	0	0	0	-0.66999	0	0.88403	0	0	0	0	-0.4448	0	0	0	0	0	0	0	0	0	0	0	0	0	0	0	-0.98724	0	0	0	0	0	0	0	0	0	0	0
Myo1e	0	0.58313	0	0	0	0	0	0	0	0	0	0	0	0	0	0	0	0	0	0	0	0	0	0	0	0	0	0	0	0	0	0	0	0	0	0	0	0	0	0	0	0	0	0	0	0
N6amt1	0	0.79844	0	0	0	0	0	0	0	0	0	0	0	0	0	0	0	0	0	0	0	0	0	0	0	0	0	0	0	0	0	0	0	0	-0.26745	0	0	0	0	0	0	0	0	0	0	0
Nav2	0	0	0	0	0	0	0	0	0	0	0	0	0	0	0	0	0	0	0	0	0	0	0	0	0	0	0	0	0	0	0	0	0	0	-0.67826	0	0	0	0	0	0	0	0	0	0	0
Nbea	0	0	0	0	0	0	0	0	0	0	0	0	0	0	0	0	0	0	-0.22675	0	0	0	0	0	0	0	0	0	0	0	0	0	0	0	0	0	0	0	0	0	0	0	0	0	0	0
Ncoa7	0	0	0	0	0	0	0	0	0	0	-0.25207	0	0	0	0	0	0.76973	0.09034	0	0	0	0	0	0	0	0.030508	0	0	0	0	0	0	0	0	0.97325	0	0	0	0.56681	0	0	0	0	0	0	0
Ncr1	0	0	0	0	0	0	0.90835	0	0	0	0	0	0	0	0	0.67451	0	0	0	0	0	0	0	0	0	0	0	0	0	0	0	0	0	0	0	0	0	0	0	0	0	0	0	0	0	0
Nfkb1	0	0	0	0	0	0	0	0	0	0	0	0.95737	0	0	0	0	0	0	0	0	0	-0.63118	0	0	0	0	0	0	0	0	0	0	0	0	0.043503	0	0	0	0	0	0	0	0	0	0	0
Nfkb2	0	0	0.048909	0	0.38718	0.80023	0	0	0	0	0	0	0	0	0	0	0	0	0	0	0	0	0	0	0	0	0	0	0	0	0	0	0	0	0	0	0	0.34006	0	0	0	0	0	0	0	0
Nfkbie	0	0	0.7106	0	0	0.12022	0	0	0	0	0	0	0	0	0.54765	0	0	0	0	0	0	0	0	0	0	0	0	0	0	0	0	0	0	0	0	0	0	0	0	0	0	0	0	0	0	0
Nif3l1	0	0.85788	0	0	0	0	0	0	0	0	0	-0.7961	0	0	0	0	0	0	0	0	0	0	0	0	0	0	0	0	0	0	0	0	0	0	0	0	0	0	0	0	0	0	0	0	0	0
Nin	0	0	0	0	0	0	0	0	0	0	0	0	0	0	0	0	0	0	0	0	0	0	0	0	0	0	0	0	0	0	0	0	0	0	0	-0.84883	0	0	0	0	0	0	0	0	0	0
Nmnat3	0	0	0	0	0	0	0	0	0	0	0	0	0	0	0	0	0	0.4529	0	0	0	0	0	0	0	0	0	0	0	0	0	0	0	0	0	0	0	0	0	0	0	0	0	0	0	0
Nos2	0	0	0	0	0	0	0	0	0	0	0	-0.88841	0	0	0	0	0	0	0	0	0	0	0	0	0	0	0	0	0	0	0	0	0	0	0	0	0	0	0	0	0	0	0	0	0	0
Notch2	0	0	0	0	0	0	0	0	0	0	0	0	0	0	0.69866	0	0	0	-0.1179	0	0	0	0	0	0	0	0	0.87817	0.83062	0	0	0	0	0	0	0	0	0	0	0	0	0	0	0	0	0
Nptn	0	0	0	0	0	0	0	0	0	0	0	0	0.1469	0	0	0	0	0	0	0	0	0	0	0	0	0	0	0	0	0	0	0	0	0	0	0	0	0	0	0	0	0	0	0	0	0
Nr1d1	0	0	0	0	0	0	0	0	0	0	0	0	0	0.93027	0	0	0	0.91536	0	0	0	0	0	0	0	0	0	0	0	0	0	0	0	0	0.93691	0	0	0	0	0	0	0	0	0	0	0
Nr3c1	0	0	0	0	0	0	0	0	0	0	0	0	0	0	0	0	0	0	0	0	0	0	0	0	0.03015	0	0	0	0	0	0	0	0	0	0	0	0	0	0	0	0	0	0	0	0	0
Nr4a2	0	0.74886	0	0	0	0	0	0	0	0.91974	0.88654	0	0	0	0	-0.48225	0	0	0	0	0	0	0	-0.030508	0.58621	0	0	0	0	0	0	0	0	0	0	0	0.55707	0	0	0	0	0	0	0	0	0
Nrgn	0	-0.25146	0	0	0	0	0	0	0	0	0	0	0	0	0	0	0	0	0	0	0	0	0	0	0	0	0	0	0	0	0.87817	0	0	0	0	0	0	-0.37061	0	0	0	0	0	0	0	0
Nrp1	0	0	0	0	0	0	0	0	0	0	0	0	0	0	0	0	0	0	0	0	0	0	0	0	0	0	0	0	0	0.69078	0	0	0	0	0	0	0	0	0	0	0	0	0	0	0	0
Oasl2	0	0	0	0	0	0	0	0	0	0	0	0	0	0.35904	0	0	0	0	0	0	0	0	0	0	0	0	0	0	0	0	0	0	0	0	0	0	0	0	0	0	0	0	0	0	0	0
Odc1	0	0	0	0	0	0	0	0	0.91144	0	0	0	0	0	0	0	-0.81441	0.53208	0	0	0	0	0	0	0	0	0	0	0	0	0	0	0	0	0	0	0.55338	0	0	0	0	0	0	0	0	0
Osbpl8	0	0	0	0	0	0	0	0	0	0	0	0	0	0	0	0	0	0	0	0	0	0	0	0	0.088906	0	0	0	0	0	0	0	0	0	0	0	0	0	0	0	0	0	0	0	0	0
Osbpl9	0	0	0	0	0	0	0	0	0	0	0	0	0	0	0	0	0	0	0	0	0	0	0	0	0	0	0	0	0	0	0	0	0	0	0.57234	0	0	0	0	0	0	0	0	0.74718	0	0
Otulin	0	0	0	0	0	0	0	0	0	0	0	0	0	0	0	0	0	0	0	0	0	0	0	0	0	0	0	0	0	0	0	0	0.96737	0	0	0	0	0	0	0	0	0	0	0	0	0
Pabpc1	0	0	0	0	0	0	0	0	0	0	0	0	0	0	0	0	0	0	0	0	0	0	0	0	0.66634	0	0	0	0	0	0	0	0	0	0	0	0	0	0	0	0	0	0	0	0	0
Pcf11	0	0	0	0	0	0	0	0	0	0	0	0	0	0	0	0	0	0	0	0	0	0	0	0	0	0	0	0.63794	0	0	0	0	0	0	0	0	0	0	0	0	0	0	0	0	0	0
Pcyt1a	0	0	0	0	0	0	0	0	0	0	0	0	0	0	0	0	0	0	0	0	0	0	0	0	0	0	0	0	0	0	0	0	-0.73461	0	0	0	0	0	0	0	0	0	0	0	0	0
Pdcd1	0	0	0	0	0	0	0	0	0	0	0	0	0	0	0	0	0	0	0	0	0	0	0	0	0	0	0	0	0	0.65936	0.25312	0	0	0	0	0	0	0	0	0	0	0	0	0	0	0
Pde1c	0	0	0	0	0	0	0	0	0	0	0	0.92431	0	0	0	0	0	0	0	0	0	0	0	0	0	0	0	0	0	0	0	0	0	0	0	0	0	0	0	0	0	0	0	0	0	0
Pde4a	0	0.83648	0	0	0	0	0	0	0	0	0	0	0	0	0	0	0	0	0	0	0	0	0	0	0	0	0	0	0	0	0	0	0	0	0	0	0	0	0	0	0	0	0	0	0	0
Pde4b	0	0.6462	0	0	0	0	0	0	0	0	0	0	0	0	0.75254	0.25732	0	0.57186	0	0	0	0	0	0	0	0	0	0	0	0	0	0	0	0	0	0.89533	0	0	0	0	0	0	0	0	0	0
Pde4dip	0	0	0	0	0	0	0	0	0	0	0	0	0	0	0	0	0	0	0	0	0	0	0	0	0	0	0	0	0	0.95347	0	0	0	0	-0.3515	0	0	0	0	0	0	0	0	0	0	0
Pde7b	0	0	0	0	0	0	0	0	0	0	0	0.53535	0	0	0	0	0	0.27124	0	0	0	0	0	0	0	0	0	0	0	0	0.25347	0	0	0	0.93967	-0.38481	0	0	0	0	0	0	0	0	0	0
Peg13	0	0	0.79925	0	0	0	0	0	0	0	0	0	0	0	0	0	0	0	0	0	0	0	0	0	0	0	0.26147	0	0	0	0	0	0	0	0	0	0	0	0	0	0	0	0	0	0	0
Pfkfb3	0	0	0	0	0	0	0	0	0	0	0	0	0	0	0	0	0	0	0.31155	0	0	0	0	0	0	0	0	0.17879	0	0	0	0	-0.65859	0	0	0	0	0	0	0	0	0	0	0	0	0
Pfkp	0	0	0	0	0	0	0	0	0	0	0	0	0	0	0	0.74319	0	0.028888	0.77364	0	0	0	0	0	0	0	0	0	0	0	0	0	0	0	0.87417	0	0	0	0	0	0	0	0	0	0	0
Pigl	0	-0.2637	0	0	0	0	0	0	0	0	0	0.76941	0	0	0	0	0	0	0	0	0	0	0	0	0	0	0	0	0	0	0.92777	0	0	0	0.92205	0	0	0	0	0	0	0	0	0	0	0
Pik3r5	0	0	0	0	0	0	0	0	0	0	0	0	0.083188	0	0	0	0	0	0	0	0	0	0.1421	0	0	0	0	0	0	0	0	0	0	0	0	0	0	0	0	0	0	0	0	0	0	0
Pim1	0	-0.84224	0.30578	0	0.40986	0	0	0	0	0	0	0	0	0	0	0	0	0	0	0.37373	0	0	0	0	0	0.12359	0	0	0	0	0	0	0	0	0	0	0	0	0	0	0	0	0	0	0	0
Pja1	0	0	0	0	0	0	0	0	0	0	0	0	0	0	0	0	0	0	0	0	0	0	0	0	0	0.050452	0	0	0	0	0	0	0	0	0	0	0	0	0	0	0.47725	0	0	0	0	0
Plcxd2	0	0	0	0	0	0	0	0	0	0	0	0	0	0	0	0	0	0.66634	0	0	0	0.8447	0	0	0	0	0	0	0	0	0	0	0	0	0.97945	0	0	0	0	0	0	0	0	0	0	0
Plek	0	0	0	0	0	0	0	0	0	0	0	0	0	0	0	0	0	0	0	0	0	0	0	0	0	0	0	0	0	0	0	0	0.8595	0	0	0	0	0	0	0	0	0	0	0	0	0
Plekhf1	0	0	0	0	0	0	0	0	0	0	0	0	0	0	0	0	0	0.95977	-0.29022	0	0	0	0	0	0	0	0	0	0	0	0	0	0	0	0	0	0	0	0	0	0	0	0	0	0	0
Plekhg1	0	0	0	0	0	0	0	0	0	0	0	0	0	0	0.36641	0	0	-0.5911	0	0	0	0	0	0	0	0	0	0	0	0	0	0	0	0	0	0	0	0	0.92777	0	0	0	0	0	0	0
Plxdc2	0	-0.86315	0	0	0	0	0	0	0	0	0	0.16874	0	0	0	0	0	0	0	0	0	0	0	0	0	0	0	0	0	0	0.98249	0	0	0	0.91758	0	0	0	0	0	0	0	0	0	0	0
Poldip3	0	0	0	0	0	0	0	0.73637	0	0	0	0	0	0	0	0	0	0	0	0	0	0	0	0	0	0	0	0	0	0	0	0	0	0	0	0	0	0	0	0	0	0	0	0	0	0
Ppfia1	0	0	0	0	0	0.65757	0	0	0	0	0	0	0	0	0	0.30026	0	0.90076	0	0	0	0	0	0	0	0	0	0	0	0	0	0	0	0	0.94763	0	0	0	0	0	0	0	0	0	0	0
Ppm1k	0	0.050452	0	0	0	0	0	0	0	0	0	0	0	0	0	0	0	0	0	0	0	0	0	0	0	0	0	0	0	0	0.60305	0	0	0	0.76848	0	0	0	0	0	0	0	0	0	0	0
Ppp1r16b	-0.058461	0.90416	0.13395	0	0	0	0	0	-0.78189	0	0	0	0	0	0	0	0	0	0.31597	0	0	0	0	0	0	0	0	0	0	0	0	0	0	0	0	0	0	0	0	0	0	0	0	0	0	0
Ppp3ca	0	0	0	0	0	0	0	0	0	0	0	0	0	0	0	0	0	0	0	0	0	0	0	0	0	0	0	0	0.18316	-0.97546	0	0	0	0	0	0	0	0	0	0	0	0	0	0	0	0
Pram1	0	0	0	0	0	0	0	0	0	0	0	0	0	0	0	0	0	0	0	0	0	0	0	0	0	0	0	0	0	0	0.99617	0	0	0	0.99545	0	0	0	0	0	0	0	0	0	0	0
Prkcb	0	0	0	0	0	0	0	0	0	0	0	0	0	0	0	0	0	0	0	0	0	0	0.91974	0	0	0	0	0	0	0	0	0	0.47778	0	0	0	0	0	0	0	0	0	0	0	0	0
Prrc2b	0	0	0	0	0	0	0	0	0	0	0	0	0	0	0	0	0	0	0	0	0	0.77234	0	0	0	0	0.98724	0	0	0	0	0	0	0	0	0	0	0	0	0	0	0	0	0	0	0
Psd	0	0	0	0	0	0.96102	0	0	0	0	0	0	0	0	0	0	0	0	0	0	0	0	0	0	0	0	0	0	0	0.76117	0	0	0	0	0	0	0	0	0	0	0	0	0	0	0	0
Ptpn18	0	0	0	0	0	0	0	0	0	0	0	0	0	0	0	0	0	0	0	0	0	0	0.36035	0	0	0	0	0	0	0	0	0	0	0	0	0	0	0	0	0	0	0	0	0	0	0
Ptpn22	0	0.9058	0	0	0	0	0	0	0	0	0	0	0	0	0	0	0	0	0	0	0	0.077314	-0.1112	0	0	0	0	0	0	0	0	0	0	0	0	0	0	0	0	0	0	0	0	0	0	0
Ptpn6	0	0	0	0	0	0	0	0	0	0	0	0	0	0	0	0	0	0	0	0	0	0	0.73523	0	0	0	0	0	0	0	0	0	0.98146	0	0.40696	0	0	0	0	0	0	0	0	0	0	0
Ptpn7	0	0	0	0	0	0	0	0	0	0	0	0	0	0	0	0	0	0	0	0	0	0	0.27227	0	0	0	0	0	0	0	0	0	0	0	0	0	0	0	0	0	0	0	0	0	0	0
Rab11fip1	0	0	0	0	0	0	0	0	0	0	0	0	0	0	0	0	0	0.94654	0.6717	0	0	0	0	0	0	0	0	0	0	0	0	0	0	0	0	0	0	0	0	0	0	0	0	0	0	0
Rab27a	0	0	0	0	0	0	0	0	0	0.21377	0	0	0	0	0	0	0	0	0	0	0	0	0	0	0	0	0	0	0	0	0	0	0	0	0	0	0	-0.65972	0	0	0	0	0	0	0	0
Rab37	0	0	0	0	0	0	0	0	0	0	0	0	0	0	0	0	0	0	0	0	0	0	0.79702	0	0	0	0	-0.15513	0	0	0	0	0	0	0	0	0	0	0	0	0	0	0	0	0	0
Rab43	0	0	0	0	0	0	0	0	0	0	0	0	0	0	0	0	0	0	0	0	0	0	0	0	0.34212	0	0	0	0	0	0	0	0	0	0	0	0	0	0	0	0	0	0	0	0	0
Rab8b	0	0	0	0	0	0	0	0	0	0	0	0	0	0	0	0	0	0	0	0	0	0	0	0	0.95347	0	0	0	0	0	0	0	0	0	0.61745	0	0	0	0	0	0	0	0	0	0	0
Rabgef1	0	0	0.36549	0	0	0	0	0	0	0	0	0	0	0	0.67117	0	0	0	0	0	0	0	0	0	0	0	0	0	0	0	0	0	0	0	0	0	0	0	0	0	0	0	0	0	0	0
Rai14	0	0	0	0	0	0	0	0	0	0	0	-0.66112	0	0	0	0	0	0	0	0	0	0	0	0	0	0	0	0	0	0	0	0	0	0	0	0	0	0	0	0	0	0	0	0	0	0
Ramp1	0	0	0	0	0	0	0	0	0	0	0	0	0	0	0	0	0	0	0.92777	0	0	0	0	0	0	0	0	0	0	0	0	0	0	0	0	0	0	0	0	0	0	0	0	0	0	0
Ranbp2	0	0	0	0	0	0	0	0	0	0	0	0	0	0	0	0	0	0	0	0	0	0	0	0	0	0	0	0.62819	0	0	0	0	0	0	0	0	0	0	0	0	0	0	0.34327	0	0	0
Rasa2	0	0	0	0	0	0	0	0	0	0	0	0	0	0	0	0	0	0	0	0	0	0	0	0	0	0	0	0	0	0	0	0	0	0.66946	0.73171	0	0	0	0	0	0	0	0.62925	0	0	0
Rbm24	0	0	0	0	0	0	0	0	0	0	0	0	0	0.92544	0	0	0	0	0	0	0	0	0	0	0	0	0	0	0	0	0	0	0	0	0	0	0	0	0	0	0	0	0	0	0	0
Rgs9	0	0.86075	0	0	0	0	0	0	0	0	0	0	0	0	0	0	0	-0.55012	0	0	0	0	0	0	0	0	0	0	0	0	0	0	0	0	0.97445	0	0	0.82859	0	0	0	0	0	0	0	0
Rhob	0	0	0	0	0	0	0	0	0	0	0	0	0	0	0	0	0	0.98249	0	0.98482	0	0	0.88679	0	0	0	0	0	0	0	0	0	0	0	0	0	0	0	0	0	0	0	0	0	0	0
Rinl	0	0	0	0	0	0	0	0	0	0	0	0	0	0	-0.60464	0	0	0	0	0	0	0	0	0	0	0	0	0	0	0	0	0	0	0	0	0	0	0	0	0	0	0	-0.060767	0	0	0
Riok1	0	0	0	0	0	0	0.84579	0	0	0	0	0	0	0	0	0	0	0	0	0	0	0	0	0	0.83062	0	0	0	0	0	0	0	0	0	0	0	0	0.95041	0	0	0	0	0	0	0	0
Rn45s	0	0.46778	0	0	0	0	0	0	0	0	0	0	0	0	0	0	0	0	0	0	0	0	0	0	0	0	0	0	0	0	0	0	0	0	0	0	0	0	0	0	0	0	0	0	0	0
Rnf40	0	0	0	0	0	0	0	0	0	0	0	0	0	0	0	0	0	0	0	0.31854	0	0	0	0	0	0	0	0	0	0	0	0	0	0	0	0	0	0	0	0	0	0	0	0	0	-0.35347
Rora	0	0	0	0	0	0	0	0	0	0	0	0.78445	0	0	0	0	0	0	0	0	0	0	-0.7368	0	0.80023	0	0	0.28883	0.3838	0	0.61293	0	0	0	0	0	0	0	0	0	0	0	0	0	0	0
Rpa1	0	0	0	0	0	0	0	0	0	0	0	0	0	0	0	0	0	0	0	0	0	0	0	0	0	0	0	-0.72376	0	-0.78101	0	0	0	0	0	0	0	0	0	0	0	0	0	0	0	0
Rpl13a	0	0	0	0	0	0	0	0	0	0	0	0	0	0	0	0	0	0	0	0	0	0	0	0	0	0	0	0	0	0	-0.48571	0	0	0	0	0	0	0	0	0	0	0	0	0	0	0
Rpl14	0	0	0	0	0	0	0	0	0	0	0	0	0	0	0	0	0	0	0	0	0	0	0	0	0	0	0	0	0.1112	0	0	0	0	0	0	0	0	0	0	0	0	0	0	0	0	0
Rprd1b	0	0	0	0	0	0	0	0	0	0	0	0	0	0	0	0	0	0	0	0	0	0	0	0	0	0	0	0	0	0	0	0	0	0	-0.55816	0	0	0	0	0	0	0	0	0	0	0
Rsad2	0	0	0	0	0	0	0	0	0	0	0	0.86597	0	0	0	0	0	0	0	0	0	0	0	0	0	0	0	0	0	-0.79321	0.02574	0	0	0	0	0	0	0	0	0	0	0	0	0	0	0
Ryk	0	0	0	0	0	0	0	0	0	0	0	0	0	0.95737	0	0	0	0	0	0	0	0	0	0	0	0	0	0	0	0	0.92431	0	0	0	0.94654	0	0	0	0	0	0	0	0	0	0	0
Scrt1	0	0.93967	0	0	0	0	0	0	0	0	0	0	0	0	0	0	0	0	0	0	0	0	0	0	0	0	0	0	0	0	0	0	0	0	-0.02574	0	0	0	0	0	0	0	0	0	0	0
Sel1l3	0	0	0	0	0	0	0	0	0	0	0	0	0	0.95592	0	0	0	0	0	0	0	0	0	0	0	0	0	0	0	0	0.54163	0	0	0	0.93565	0	0	0	0	0	0	0	0	0	0	0
Sept1	0	-0.22194	0	0	0	0	0	0	0	0	0	0	0	0	0	0	0	0	0	0	0	0	0.92205	0	0	0	0	0	0	0	0	0	0.52304	0	0	0	0	0	0	0	0	0	0	0	0	0
Serpina3f	0	0	0	0	0	0	0	0	0	0	0	0	0	0	0	0	0.73337	0	-0.89854	0	0	0	0	0	0	0	0	0	0	0	0	0	-0.11465	0	-0.66368	0	0	0	0	0	0	0	0	0	0	0
Serpinb9	0	0	0	0	0	0	0	0	0	0	0	0	0.68211	0	0	0.54531	0	0	0	0	0	0	0	0	0	0	0	0	0	0	0	0	0	0	0	0	0	0	0	0	0	0	0	0	0	0
Serpine2	0	0	0	0	0	0	0	0	0	0	0	0	0	0	0	0	0	0.58621	-0.67451	0	0	0	0	0	0	0	0	0	0	0.83727	0	0	0	0	0	0	0	0	0	0	0	0	0	0	0	0
Sertad1	0	0	0	0	0	0	0	0	0	0	0	0	0	0	0	0	0	0	0	0.87956	0	0	0	0	0	0	0	0	0	0	0	0	0	0	0	0	0	0	0	0	0	0	0	0	0	0
Setd7	0	0	0	0	0	0	0	0	0	0	0	0	0	0	0	0	0	0	0	0	0	0	0	0	0.43607	0	0	0	0	0	0	0	0	0	0	0	0	0	0.94522	0	0	0	0	0	0	0
Sf1	0	0	0	0	0	0.67117	0	0	0	0	0	0	0	0	0	0	0	0	0	0	0	0	0	0	0	0	0	0	0	0	0	0	0	0	0	0	0	0	0	0	0	0	0	0	0	0
Sgtb	0	0.68101	0	0	0	0	0	0	0	0	0	0	0	0	0	0	0	0	0	0	0	0	0	0	0	0	0	0	0	0	0	0	0	0	0	0	0.63414	0.61128	0	0	0	0	0	0	0	0
Sidt2	0	0	0	0	0	0	0	0	0	0	0	0	0	0	0	0	0	0	0.93306	0	0	0	0	0	0	0	0	0	0	0	0	0	0	0	0	0	0	0	0	0	0	0	0	0	0	0
Sipa1	0	0.88403	0	0	0	0	0	0	0	0	0	0	0	0	0	0	0	0	0	0	0	0	0	0	0	0	0	0	-0.99804	0	0	0	0	0	0	0	0	0	0	0	0	0	0	0	0	0
Ski	0	0	0	0	0	0	0	0	0	0	0	0	0	0	0.046931	0	0	0	0	0	0.33646	0	0	0	0	0	0	0	0	0	0	0	0	0	0	0	0	0	0	0	0	0	0	0	0	0
Slc15a3	0	0	0	0	0	0	0	0	0.91144	0	0.89399	0	0	0	0	0	0.16465	-0.14668	0.40146	0	0	0	0	0	0	0	0	0	0	0	0	0	0	0	0	0	0	0	0.4749	0	0	0	0	0	0	0
Slc16a10	0	0	0	0	0	0	0	0	0	0	0	0	0	0	0	0	0	-0.52038	-0.64352	0	0.095668	0	0	0	0	0	0	0	0	0	0	0	0	0	0	0.84815	0	0	0	0	0	0	0	0	0	0
Slc25a24	0	0	0	0	0	0	0	0	0	0.35524	0	0	0	0	0	0	0	0	-0.67353	0	0	0	0	0	0	0	0	0	0	0	0	0	0	0	0	0	0	0	0	0	0	0	0	0	0	0
Slc35b2	0	0	0	0	0	0	0	0	0	0	0	0	0	0	0	0	0	0	0	0	0	0	0	0	0	0	0	0	0	0	0	0	0	0	0.84028	0	0	0	0	0	0	0	0	0	0	0
Slc35e1	0	0	0	0	0	0	0	0	0	0	0	0	0	0	0	0	0	0	0	0	0.28883	0	0	0	0	0	0	0	0	0	0	0	0	0.28007	0	0	0	0.82139	0	0	0	0	0	0	0	0
Slc38a1	0	-0.76267	0	0	0	0	0	0	0	0	0	0	0	0	0.79037	0	0	0	0	0	0	0	0	0	0	0	0	0	0	0.59606	0	0	0	0	0.99299	0	0	0	0	0	0	0	0	0	0	0
Slc41a3	0	0	0	0	0	0	0	0	0	0	0	0.81441	0	0	0	0	0	0	0	0	0	0	0	0	0	0	0	0	0	0	0.75224	0	0	0	0.944	0	0	0	0	0	0	0	0	0	0	0
Slc6a13	0	0	0	0	0	0	0	0	0	0	0	0	0	0	0	0	0	0	0	0	0	0	0	0	0	0	0	0	0	-0.30941	0	0	0	0	0.94246	0	0	0	0	0	0	0	0	0	0	0
Slc6a7	0	0	0	0	0	0	0	0	0	0	0	0	0	0	0	0	0	0.83987	0	0	0	0	0	0	0	0	0	0	0	0	0	0	0	0	-0.92777	0	0	0	0	0	0	0	0	0	0	0
Slc7a1	0	0	0	0	0	0.58024	0	0	0	0	0	0	0	0	0	0	0	0	0	0	0.63454	0	0	0	0	0	0	0	0	0	0	0	0.049922	0	0	0	0	0	0	0	0	0	0	0	0	0
Slc7a6os	0	0.89854	0	0	0	0	0	0	0	0	0	0	0	0	0	0	0.91435	0	0	0	0	0	0	0	0	0	0	0	0	0	0	0	0	0	0.93306	0	0	0	0	0	0	0	0	0	0	0
Slfn2	0	0	0	0	0	0	0	0	0	0	0	0	0	0	0	0	0	0	0	-0.076784	0	0	0	0	0	0	0.34327	0	0	0	0	0	0	0	0	0	0	0	0	0	0	0	0	-0.23817	0	0
Smap2	0	0.93306	0	0	0	0	0	0	0	0	0	0	0	0	0.8127	0	0	0	0	0	0	0	0	0	0	0	0	0	0	0	0	0	-0.14092	0	0.67278	0	0	0	0	0	0	0	0	0	0	0
Smim3	0	0	0	0	0	0	0	0	0	0	0	0	0	0	0	0	-0.66745	0	0	0	0	0	0.53398	0	0	0	0	0	0	0	0	0	0	0	0	0	0	0.38931	0	0	0	0	0	0	0	0
Smpdl3a	0	0	0	0	0	0	0	0	0	0	0	0.67583	0	0	0	0	0	0	0	0	0	0	0	0	0	0	0	0	0	-0.38286	0	0	0	0	0	0	0	0	0	0	0	0	0	0	0	0
Socs2	0	0	0	0	0	0	0	0	0	0	0	0	0	0	0	0	0	0	0	0	0	0	0	0	0.52881	0	0	0	0	0	0	0	0	0	0	0	0	0	0	0	0	0	0	0	0	0
Spata13	0	0	0	0	0	0	0	0	0	0	0	0	0	0	0	0	0	0	0	0	0	0	0.90031	0	0	0	0	0	0	0	0	0	0.78289	0	0	0	0	0	0	0	0	0	0	0	0	0
Spry2	0	0	0	0	0	0	0	0	0	0	0	0	0	0	0	0	0	0	0	0	0	0	0	0	0	0	0	0	0	0	0	0	0.99243	0	0	0	0.82502	0	0	0	0	0	0	0	0	0
Spty2d1	0	0	0	0	0	0	0	0	0	0	0	0	0	0	0	0	0	0	0	0	0	0	0	0	0	0	0	0	0	0	0	0	0.99299	0	0	0	0	0	0	0	0	0	0	0	0	0
Src	0	0	0	0	0	0	0	0	0	0	0	0	0	0	0	0	0	0	0	0	0	0	0	0	0	0	0	0	0	0	0	0	0	0	0.90416	0	0	0	0	0	0	0	0	0	0	0
Srxn1	0	0	0	0	0	0	0	0	0	0	0	0	0	0	0	0	0	0	0.2216	0	0	0	0	0	0	0	0	0	0	0	0	0	0	0	0	0	0	0	0	0	0	0	0	0	0	0
Ssh2	0	0.89339	0	0	0	0	0	0	0	0	0	0	0	0	0	0	0	0	-0.31597	0	0	0.033811	0	0	0	0	0	0	0	0	0	0	0	0	0	0	0	0	0	0	0	0	0	0	0	0
St3gal3	0	0	0	0	0	0	0	0	0	0	0	0	0	0	0	0	0	0.91342	0	0	0	0	0	0	0	0	0	0	0	0	0	0	0	0	0.95838	0	0	0	0	0	0	0	0	0	0	0
Stat3	0	0	0	0	0	0	0	0	0	0	0	0	0.83269	0	0	0	0	0	0	0	0.52194	0.20072	0	0	0	0	0	0	0	0	0	0	0.8735	0	0	0	0	0	0.40591	0	0	0	0	0	0	0
Stat5a	0	0	0	0	0	0	0	0	0	0	0	0	0	0	0	0	0	0	0	0	0	0	0	0	0	0	0	0	0	0	0	0	0	0	0.027096	0	0	0.71999	0	0	0	0	0	0	0	0
Stx1a	0	0.90215	0	0	0	0	0	0	0	0	0	0	0	0	0	0	0	0	0	0	0	0	0	0	0	0	0	0	0	0	0	0	0	0	0.95592	0	0	0	0	0	0	0	0	0	0	0
Suco	0	0	0	0	0	0	0	0	0	0	0	0	0	0	0	0	0	0	0	0	0	0	0	0	0	0	0	0	0	0	0	0	0	0.37135	0	0	0.24419	0	0	0	0	0	0	0	0	0
Susd2	0	0.84635	0	0	0	0	0	0	0	0	0	0	0	0	0	0	0	0	0	0	0	0	0	0	0	0	0	0	0.57745	0	0	0	0	0	0	0	0	0	0	-0.78702	0	0	0	0	0	0
Syncrip	0	0	0	0	0	0	0	0	0	0	0	0	0	0	0	0	0	0	0	0	0	0	-0.32015	0	0	0	0	0	0	0	0	0	0	0.55975	0	0	0	0	0	0	0	0	0	0	0	0
Sytl3	0	0	0	0.83599	0	0	0	0	0	0	0	0	0	0	0	0	0	0	0	0	0	0	0	0	0	0	0	0	0	0	0	0	0.39283	0	0	0	0	0	0	0	0	0	0	0	0	0
Taf4b	0	0	0	0	0.91342	0	0	0	0	0	0	0	0	0	0	0	0	0.77504	0	0	0.5258	0	0	0	0	0	0	0	0	0	0	0	0	0	0	0	0	0	0	0	0	0	0	0	0	0
Tagap	0	0.75224	0	0	0	0	0	0	0	0	0	0	0	0	0	0	0	0	0	0	0	0	0	0	0	0	0	0	0	0	0	0	0	0	0	0	0	0	0	0	0	0	0	0	0	0
Tatdn2	0	0.62102	0	0	0	0	0	0	0	0	0	0	0	0	0	0	0	0	0	0	0	0	0	0	0	0	0	0	0	0	0	0	0.26854	0	0	0	0	0	0	0	0	0	0	0	0	0
Tbc1d10a	0	0	0	0	0	0	0	0	0	0	0	0	0	0	0	0	0	0	0	0	0	0	0	0	0	0	0	0	0.49302	0.64462	0	0	0	0	0	0	0	0	0	0	0	0	0	0	0	0
Tdrd9	0	0	0	0	0	0	0	0	0	0	0	0	0	0	0	0	0	0.92901	0	0	0	0	0	0	0	0	0	0	0	0	0	0	0	0	-0.89302	0	0	0	0	0	0	0	0	0	0	0
Tex2	0	-0.30271	0	0	0	0	0.80232	0	0	0	0	0.49813	0	0	0	0	0	-0.27953	0	0	0	0	0	0	0	0	0	0	0	0	0	0	0	0	0.75883	0	0	0	0	0	0	0	0	0	0	0
Tfip11	0	0	0	0	0	0	0	0	0	0	0	0	0	0	0	0	0.4012	0	0	0	0	0	0	0	0	0	0	0	0	0	0	0	0	0	0	0	0	0	0	0	0	0	0	0	0	0
Tg	0.085416	0	0	0	0	0	0	0	0	0	0	0	0	0	0	0	0	0	0	0	0	0	0	0	0	0	0	0	0	0	0	0	0	0	0.087208	0	0	0	0	0	0	0	0	0	0	0
Tgm2	0	0	0	0	0	0	0	0	0	0.046323	0	0.85206	0	0	0	0	0	0	0	0	0	0	0	0	0	0	0	0	0.98665	0.7862	0	0	0	0	0	0	0	0	0	0	0	0	0	0	0	0
Tifa	0	0	0	0	0	0	0	0	0	0	0	0	0	0	0	0	0	0	0	0	0	0	0	0	0	0	0	0	0	0	0.69721	0	0	0	0	0	0	0	0	0	0	0	0	0	0	0
Tle3	0	0	0	0	0	0	0	0	0	0	0	0	0	0	0	0	0.24526	0	0	0	0	0	0	0	0	0	0	0	0	0	0	0	0	0	0.1541	0	0	0	0	0	0	0	0	0	0	0
Tmem39a	0	0	0	0	0	0	0	0	0	0	0	0	0.39849	0	0	0	0	0.89399	-0.78743	0	0	0	0	0	0	0	0	0	0	0	0	0	0	0	0	0	0	0	0	0	0	0	0	0	0	0
Tmppe	0	0	0	0	0	0	0	0	0	0	0	0	0	0	0	0	0	0	0	0	0	0	0	0	0	0	0	0	0.60823	0	0	0	0	0	0	0	0	0	0	0	0	0	0	0	0	0
Tnfrsf1a	0	0	0	0	0	0	0	0	0	0	0	0	0	0	0	0	0	-0.87588	0	0	0	0	0.37655	0	0	0	0	0	0	0	0	0	0	0	0	0	0	0	0	0	0	0	0	0	0	0
Tnfrsf1b	0	0	0.86719	0	0.73978	0	0	0	0	0	0.88261	0	0	0	0	0	0	0	0	0	0	0	0	0	0	0	0	0	0	0	0	0	0	0	0	0	0	0	0	0	0	0	0	0	0	0
Tnfrsf9	0	0	0	0	0	0	0	0	0	0	0.077314	0	0	0	0	0	0	0	0	0	0	0	0	0	0.026691	0	0	0	0	0	0	0	0	0	0	0	0	0	0	0	0	0	0	0	0	0
Tnip1	0	0	0	0	0	0	0	0	0	0.58506	0	0	0	0	0	0	0	0	0	0	0	0	0	0	0	0	0	0	0	0.77664	0	0	0	0	0	0	0	0	0	0	0	0	0	0	0	0
Tns4	0	0	0	0	0	0	0	0	0	0	0	0	0	0	0	0	0	0	0	0	0	0	0	0	0	0	0	0	0	0	0	0	0	0	0.98788	0	0	0	0	0	0	0	0	0	0	0
Tpm4	0	0	0	0	0	0	0	0	0	0	0	0	0.94522	0	0	0	0	0	0	0	0	0	0	0	0	0	0	0	0	0	0	0	0	0	0	0	0	0	0	0	0	0	0	0.46645	0	0
Traf4	0	0	0	0	0.9634	0	0	0	0	0	0	0	0	0	0	0	0	0	0	0	0.81828	0	0	0	0	0	0	0	0	0	0	0	0.29749	0	0	0	0	0	0	0	0	0	0	0	0	0
Trf	0	0	0	0	0	0	0	0	0	-0.21645	0	0	0	0	0	0	0	0	0	0	0.80189	0	0	0	0	0	0	0	0	0	0	0	0	0	0	0	0	0.4749	0	0	0	0	0	0	0	0
Ttn	0	0	0	0	0	0	0	0	0	0	0	0	0	0	0	0	0	0	0	0	0	0	0	0	0	0	0	0	0	0	0	0	0	0	0.68462	0	0	0	0	0	0	0	0	0	0	0
Tuba4a	0	0	0	0	0	0	0	0	0	0	0	0	0	0	0	0.87273	0	0	0	0	0	0	0	0	0	0	0	0	0	0	0	0	0	0	0	0	0	0	0	0	0	0	0	0	0	0
Txnrd1	0	0	0	0	0	0	0	0	0	0	0	0	0	0	0	0	0	0	0	0	0	0.89854	0	0	0	0	0	0	-0.84579	0.89618	0	0	0	0	0	0	0	0.96619	0	0	0	0	0	0	0	0
Tyms	0	0	0	0	0	0	0	0	0	0	0	0	0	0	0	0	0	0	0	-0.26097	0	0	0	0	0	0	0	0	0	0	0	0	0	0	0	0	0	0	0	0	0	0	0	0	0	0
Ubl3	0	0	0.083219	0	0	0	0.6406	0	0	0	0	0	0	0	0	0	0	0	0	0	0	0	0	0	0	0	0	0	0	0	0	0	0	0	0	0	0.87273	0	0	0	0	0	0	0	0	0
Ugcg	0	0	0	0	0	0	0.78135	0	0	0	0	0	0	0	0	0	0	0	0	0	0	0	0	0	0	0	0	0	0	0	0	0	0.89433	0	0	0	0	0	0	0	0	0	0	0	0	0
Ulk1	0	0	0	0	0	0	0	0	0	0	0	0	0	0	0	0	0	0	0	0	0.3167	0	0	0	0	0	0	0	0	0	0	0	0	0	0	0	0	0	0	0	0	0	0	0	0	0
Unc45a	0	0	0	0	0	0.71324	0.76211	0	0	0	0.8337	0	0	0	0	0	0	0	0	0	0	0	0	0	0.093892	0	0	0	0	0	0	0	0	0	0	0	0	0	0	0	0	0	0	0	0	0
Use1	0	0	0	0	0	0	0	0	0	0	0	0	0	0	0	0	0	0	0	0	0	0	0	0	0	0	0	0	0	0	0	0	0	-0.52266	0	0	0	0	0	0	0	0	0	0	0	0
Usp12	0	0	0	0	0	0	0	0	0	0	0	0	0	0	0	0	0	0	0	0	0	0	0	0	0	0	0	0	0	0	0	0	0.97217	0	-0.41061	0	0	0	0	0	0	0	0	0	0	0
Usp34	0	0	0	0	0	0	0	0	0	0	0	0	0	0	0	0	-0.89854	0	0	0	0	0	0	0	0	0	0	0.80686	0	0	0	0	0	0	0	0	0	0	0	0	0	0	0	0	0	0
Usp36	0	0	0	0	0	0.99677	0	0	0	0	0	0	0	0	0	0	0	0	0	0	0.20561	0	0	0	0	0	0	0	0	0	0	0	0	0	0	0	0	0	0	0	0	0	0	0	0	0
Usp38	0	0	0	0	0	0	0	0	0	0	0	0	0	0	0	0	0	0	0	0	0	0	0	0	0	0	0	0	0	0	0	0	-0.73892	0	0.26592	0	0	0	0	0	0	0	0	0	0	0
Usp9x	0	0	0	0	0	0	0	0	0	0	0	0	0	0	0	0	0	0	0	0	0	0	0	0	0.72585	0	0	0.82396	0	0	0	0	0	0	0	0	0.79466	0	0	0	0	0	0.47967	0	0	0
Vamp2	0	0	0.68969	0	0	0	0	0	0	0	0	0	0	0	0	0	0	0	0	0	0	0	0	0	0	0	0	0	0	0	0	0	0	0	0	0	0	0	0	0	0	0	0	0	0	0
Wdfy2	0	0	0	0	0	0	0	0	0	0	0	0	0	0	0	0	0	0	0.19026	0	0	0	0	0	0	0	0	0	0	0	0	0	0	0	0.77195	0	0	0	0	0	0	0	0	0	0	0
Wipi1	0	0	0	0	0	0	0	0	0	0	0	0	0	0	0	0	0	0	0	0	0	0	0	0	0	0	0	0	0	-0.68158	0	0	0	0	0	0	0	0	0	0	0	0	0	0	0	0
Wipi2	0	0	0	0	0	0	0	0.82716	0	0	0	0	0	0	0	0	0	0	0	0	0	0	0	0	0	0	0	0	0	0	0	0	0	0	0	0	0	0	0	0	0	0	0	0	0	0
Wwtr1	0	0.96856	0	0	0	0	0	0	0	0	0	0	0	0	0	0	0	0	0	0	0	0	0	0	0	0	0	0	0	0	0.95041	0	0	0	0.46602	0	0	0	0	0	0	0	0	0	0	0
Xkrx	0	-0.70204	0	0	0	0	0	0	0	0	0	0	0	0	0	0	0	0	0	0	0	0	0	0	0	0	0	0	0	0	0.85594	0	0	0	0.34935	0	0	0	0	0	0	0	0	0	0	0
Xlr4a	0	0.93565	0	0	0	0	0	0	0	0	0	0	0	0	0	0	0	0	0	0	0	0	0	0	0	0	0	0	0	0	0.84495	0	0	0	0	0	0	0	0	0	0	0	0	0	0	0
Xpo1	0	0	0	0	0	0	0	0	0	0	0	0	0	0	0	0	-0.65472	0	0	0	0	0	0	0	-0.10117	0	0	0	0	0	0	0	0	0	0	0	0	0	0	0	0	0	0	0	0	0
Zbtb21	0	0	0	0	0	0	0	0	0	0	0	0	0	0	0	0	0	0	0.9522	0	0	0	0	0	0	0	0	0	0.95347	0	0	0	0	0	0.7701	0	0	0	0	0	0	0	0	0	0	0
Zcchc11	0	0	0	0	0	0	0	0	0	0	0	0	0	0	0	0	0	0	0	0	0	0	0	0.0053755	0	0	0	0	0	0	0	0	0	0	0	0	0	0	0	0	0	0	0	0	0	0
Zeb1	0	0	0	0	0	0	0	0	0	0	0	0	0	0	0	0	0	0.48945	-0.39663	0	0	0	0	0	0	0	0	0	0	0	0	0	0	0	0	0	0	0	0	0	0	0	0	0	0	0
Zfp131	0	0	0	0	0	0	0	0	0	0	0	0	0	0	0	0	0	0	0	0	0	0	0	0	0	0	-0.45793	-0.45034	0	0	0	0	0	0	0	0	0	0	0	0	0	0.36549	0	0	0	0
Zfp768	0	0	0	0	0	0	0	0.42121	0	0	0	0	0	0	0	0	0	0	0	0	0	0	0	0	0	0	0	0	0	0	0	0	0	0	0	0	0	0	0	0	0	0	0	0	0	0
Zhx1	0	0	0	0	0	0	0	0	0	0	0	0.89022	0	0	0	0	0	0	0	0	0	0	0	0	0	0	0	0	0	0	0	0	0	0	0	0	0	0	0	0	0	0	0	0	0	0
Znrf2	0	0	0	0	0	0	0	0	0	0	0	-0.32259	0	0	0	0	0	0	0	0	0	0	0	0	0	0	0	0	0	0	0	0	0	0	0	0	0	0	0	0	0	0	0	0	0	0
Zswim4	0	0.10435	0	0	0	0.1304	0	0	0	0	0	0	0	0	0.84434	0	0	0	0	0	0	0	0	0	0	0	0	0	0	0	0	0	0	0	0	0	0	0	0	0	0	0	0	0	0	0
