TF	Target	SignedQuantile	combStability	combPCorr	stroke	stroke-width	stroke-dasharray
E2f1	1600002H07Rik	0.48819	39.53	0.527	rgb(223,116,117)	1.7715	2,2
E2f6	1700061F12Rik	0.8715	49.47	0.47	rgb(222,127,128)	1.9706	2,2
Klf5	1700061F12Rik	0.84434	49.23	0.227	rgb(220,174,174)	1.9658	2,2
E2f1	2700094K13Rik	0.68367	45.13	0.126	rgb(218,193,193)	1.8837	2,2
E2f1	4930404I05Rik	0.76239	46.58	0.576	rgb(223,107,108)	1.9127	2,2
E2f1	4930412O13Rik	0.14758	32.08	0.076	rgb(218,202,203)	1.6223	2,2
E2f1	9230102O04Rik	0.14428	32.02	0.021	rgb(217,213,213)	1.6211	2,2
E2f1	9430020K01Rik	0.092895	31.14	0.143	rgb(219,190,190)	1.6035	2,2
E2f1	A630033H20Rik	0.62819	43.37	0.366	rgb(221,147,148)	1.8484	2,2
Klf5	Abcb9	0.70396	45.39	0.393	rgb(221,142,143)	1.8889	None
Klf5	Abcc8	0.97445	50.61	0.615	rgb(224,100,101)	1.9934	None
E2f6	Abi3	0.48163	39.13	0.129	rgb(218,192,193)	1.7635	None
Klf5	Acp5	0.42714	37.44	0.442	rgb(222,133,133)	1.7297	None
E2f1	Acsl3	0.87864	49.53	0.533	rgb(223,115,116)	1.9718	None
E2f6	Acsl3	0.84523	49.24	0.238	rgb(220,172,172)	1.966	None
Klf5	Acsl3	0.72133	46.1	0.104	rgb(218,197,197)	1.9031	None
Klf5	Acss1	0.99243	50.73	0.734	rgb(225, 77, 78)	1.9958	None
Klf5	Acss2	0.97546	50.62	0.622	rgb(224, 98, 99)	1.9936	None
E2f1	Actn2	0.095996	31.55	0.551	rgb(223,112,113)	1.6117	2,2
Klf5	Actn3	0.22392	34.18	0.181	rgb(219,182,183)	1.6644	2,2
Klf5	Actr1a	0.34297	35.5	0.502	rgb(223,121,122)	1.6908	None
Klf5	Adam19	0.89339	50.2	0.494	rgb(222,123,124)	1.9852	None
Klf5	Adamts1	0.25207	34.07	0.069	rgb(218,204,204)	1.6622	None
E2f1	Adamts20	0.91144	50.36	0.359	rgb(221,148,149)	1.9884	None
E2f6	Adamts4	0.31306	35.55	0.55	rgb(223,112,113)	1.6918	2,2
Klf5	Adar	0.944	50.49	0.485	rgb(222,124,125)	1.991	None
E2f1	Adcy3	0.7442	46.42	0.424	rgb(222,136,137)	1.9095	None
Klf5	Adcy3	0.7189	45.42	0.42	rgb(222,137,138)	1.8895	None
Klf5	Adcy4	0.46538	38.4	0.405	rgb(221,140,141)	1.7489	None
E2f1	Adcy9	0.90489	50.32	0.319	rgb(221,156,157)	1.9876	None
E2f6	Adcy9	0.55012	41.33	0.335	rgb(221,153,154)	1.8076	None
Klf5	Adcy9	0.16081	32.21	0.205	rgb(219,178,178)	1.6249	None
E2f6	Adora2a	0.95347	50.53	0.526	rgb(223,117,118)	1.9918	None
Klf5	Adora2a	0.9914	50.72	0.723	rgb(225, 79, 80)	1.9956	None
E2f1	Agap1	0.35041	36.11	0.107	rgb(218,197,197)	1.703	None
E2f6	Agap1	0.7651	47.24	0.238	rgb(220,171,172)	1.9259	None
E2f6	Agtpbp1	0.019087	30.34	0.345	rgb(221,151,152)	1.5875	2,2
E2f1	Aim1	0.72702	46.23	0.232	rgb(220,173,173)	1.9057	None
Klf5	Aim1	0.9914	50.72	0.715	rgb(225, 80, 82)	1.9956	None
E2f1	Akap1	0.9914	50.72	0.718	rgb(225, 80, 81)	1.9956	None
Klf5	Akap12	0.98035	50.64	0.642	rgb(224, 94, 96)	1.994	None
E2f6	Aldoa	0.73059	46.04	0.042	rgb(217,209,209)	1.9019	None
Klf5	Aldoa	0.13931	31.47	0.473	rgb(222,127,128)	1.6101	None
Klf5	Ampd3	0.82139	48.39	0.385	rgb(221,143,144)	1.9489	None
E2f1	Amph	0.77364	47.26	0.259	rgb(220,168,168)	1.9263	None
E2f1	Ankrd13b	0.90975	50.35	0.351	rgb(221,150,151)	1.9882	None
Klf5	Ankrd13b	0.98249	50.65	0.652	rgb(224, 92, 94)	1.9942	None
E2f6	Ano1	0.92901	50.44	0.439	rgb(222,133,134)	1.99	None
E2f1	Anp32a	0.0053755	30.26	0.261	rgb(220,167,168)	1.5859	None
Klf5	Anp32b	0.82859	48.46	0.463	rgb(222,129,129)	1.9503	None
Klf5	Antxr2	0.30368	35.12	0.123	rgb(218,194,194)	1.6832	None
E2f1	Ap1s3	0.80964	48.31	0.309	rgb(220,158,159)	1.9473	None
E2f1	Apbb2	0.99735	50.8	0.796	rgb(226, 65, 67)	1.9972	None
Klf5	Apbb2	0.68554	45.17	0.167	rgb(219,185,185)	1.8845	None
Klf5	Aplp1	0.47708	39.02	0.099	rgb(218,198,198)	1.7613	None
E2f6	Aprt	0.82093	48.38	0.377	rgb(221,145,146)	1.9487	None
Klf5	Aprt	0.9935	50.74	0.738	rgb(225, 76, 77)	1.996	None
E2f6	Ar	0.81631	48.38	0.383	rgb(221,144,145)	1.9487	None
Klf5	Ar	0.92431	50.42	0.423	rgb(222,136,137)	1.9896	None
E2f1	Areg	0.34785	36.05	0.045	rgb(217,208,208)	1.7018	None
Klf5	Arhgap4	0.66525	44.18	0.18	rgb(219,183,183)	1.8646	None
Klf5	Arhgdib	0.80277	48.1	0.105	rgb(218,197,197)	1.9431	None
Klf5	Arhgef1	0.97945	50.64	0.637	rgb(224, 95, 97)	1.994	None
E2f1	Arhgef10l	0.8753	49.5	0.495	rgb(222,122,123)	1.9712	2,2
E2f1	Arhgef12	0.093892	31.15	0.15	rgb(219,188,189)	1.6037	2,2
E2f6	Arhgef2	0.37764	37.25	0.251	rgb(220,169,170)	1.7259	2,2
Klf5	Arid5b	0.41175	38.14	0.136	rgb(218,191,191)	1.7437	None
Klf5	Armcx4	0.37172	37.19	0.186	rgb(219,181,182)	1.7247	None
E2f1	Art4	0.944	50.49	0.49	rgb(222,123,124)	1.991	None
E2f6	Art4	0.91758	50.39	0.392	rgb(221,142,143)	1.989	None
E2f1	Atad5	0.21144	33.57	0.573	rgb(223,108,109)	1.6522	2,2
Klf5	Atn1	0.63716	43.47	0.468	rgb(222,128,129)	1.8504	None
Klf5	Atp10d	0.3045	35.13	0.132	rgb(218,192,192)	1.6834	None
Klf5	Atp1b1	0.7316	46.1	0.099	rgb(218,198,198)	1.9031	None
E2f6	Atp6v0a2	0.33711	36.29	0.292	rgb(220,161,162)	1.7066	2,2
E2f1	Atp8a1	0.85651	49.36	0.364	rgb(221,147,148)	1.9684	None
Klf5	Atp8a2	0.79757	48.08	0.081	rgb(218,202,202)	1.9427	None
Klf5	Atp8b4	0.89581	50.24	0.241	rgb(220,171,171)	1.986	None
Klf5	Atpif1	0.78792	47.49	0.491	rgb(222,123,124)	1.9309	None
E2f6	B3glct	0.94246	50.49	0.487	rgb(222,124,125)	1.991	None
E2f1	B4galt1	0.75936	47.1	0.103	rgb(218,197,198)	1.9231	None
Klf5	Bace2	0.89581	50.24	0.246	rgb(220,170,171)	1.986	None
E2f1	Bag2	0.94095	50.48	0.482	rgb(222,125,126)	1.9908	None
Klf5	Bcap31	0.91758	50.39	0.547	rgb(223,113,114)	1.989	None
E2f1	Bcas1	0.96856	50.59	0.591	rgb(223,104,105)	1.993	None
E2f6	Bcl11a	0.36739	37.12	0.119	rgb(218,194,194)	1.7233	None
E2f1	Bcl11b	0.98482	50.67	0.673	rgb(224, 88, 90)	1.9946	None
Klf5	Bdh1	0.82396	48.45	0.453	rgb(222,131,131)	1.9501	None
Klf5	Bend4	0.11938	32.23	0.233	rgb(220,172,173)	1.6254	None
Klf5	Bhlhb9	0.98146	50.65	0.652	rgb(224, 92, 94)	1.9942	None
E2f1	Bmp2	0.81916	48.37	0.369	rgb(221,147,147)	1.9485	None
E2f1	Bmp7	0.99702	50.79	0.792	rgb(226, 66, 67)	1.997	None
Klf5	Bmper	0.31784	36.08	0.079	rgb(218,202,202)	1.7024	None
E2f1	Bscl2	0.39508	37.4	0.397	rgb(221,141,142)	1.7289	2,2
Klf5	Btbd19	0.10611	31.24	0.239	rgb(220,171,172)	1.6055	None
E2f1	Cacna1d	0.15698	32.18	0.184	rgb(219,182,182)	1.6243	None
Klf5	Cacna1d	0.61173	43.16	0.158	rgb(219,187,187)	1.8442	None
E2f1	Cacna2d2	0.45929	39.2	0.202	rgb(219,178,179)	1.7649	None
E2f6	Cacna2d2	0.9091	50.34	0.347	rgb(221,151,151)	1.988	None
Klf5	Cacna2d2	0.32847	36.22	0.313	rgb(220,157,158)	1.7052	None
Klf5	Cage1	0.26619	35.06	0.062	rgb(218,205,205)	1.682	None
Klf5	Calca	0.81441	48.36	0.359	rgb(221,148,149)	1.9483	2,2
E2f1	Calm3	0.49998	40.21	0.212	rgb(219,177,177)	1.7851	2,2
E2f1	Camk4	0.9914	50.72	0.721	rgb(225, 79, 81)	1.9956	None
Klf5	Capn1	0.92544	50.42	0.416	rgb(222,138,138)	1.9896	None
E2f6	Caprin1	0.68554	45.17	0.173	rgb(219,184,184)	1.8845	2,2
Klf5	Car13	0.68573	45.18	0.176	rgb(219,183,184)	1.8847	None
E2f6	Casc4	0.91435	50.37	0.37	rgb(221,146,147)	1.9886	None
Klf5	Casc4	0.84883	49.27	0.275	rgb(220,165,165)	1.9666	None
E2f6	Cass4	0.22022	34.14	0.143	rgb(219,190,190)	1.6636	None
Klf5	Cblb	0.49187	40.05	0.049	rgb(218,208,208)	1.7819	None
E2f1	Ccdc122	0.19927	33.05	0.055	rgb(218,207,207)	1.6418	None
E2f1	Ccdc30	0.87075	49.47	0.472	rgb(222,127,128)	1.9706	None
Klf5	Ccdc6	0.016111	30.32	0.318	rgb(221,156,157)	1.5871	None
E2f1	Ccnd2	0.51734	40.06	0.218	rgb(219,175,176)	1.7821	None
E2f6	Ccnd2	0.94899	50.51	0.506	rgb(223,120,121)	1.9914	None
Klf5	Ccnd2	0.52133	40.15	0.15	rgb(219,188,189)	1.7839	None
E2f6	Ccnd3	0.36518	37.09	0.087	rgb(218,200,201)	1.7227	None
E2f1	Ccne1	0.5493	41.32	0.317	rgb(220,157,157)	1.8074	2,2
E2f1	Ccnf	0.071081	31.29	0.287	rgb(220,162,163)	1.6065	2,2
Klf5	Cd2	0.70072	45.2	0.203	rgb(219,178,179)	1.8851	None
Klf5	Cd200r1	0.80189	48.21	0.21	rgb(219,177,177)	1.9453	None
E2f1	Cd247	0.15667	33.03	0.031	rgb(217,211,211)	1.6414	None
Klf5	Cd27	0.92075	50.4	0.397	rgb(221,141,142)	1.9892	None
Klf5	Cd28	0.25558	34.13	0.128	rgb(218,192,193)	1.6634	None
Klf5	Cd36	0.30271	35.39	0.394	rgb(221,142,143)	1.6886	None
E2f6	Cd3eap	0.63769	43.48	0.478	rgb(222,126,127)	1.8506	2,2
Klf5	Cd55	0.53824	41.18	0.181	rgb(219,182,183)	1.8046	None
E2f1	Cd81	0.95592	50.54	0.543	rgb(223,113,114)	1.992	None
E2f1	Cdc25b	0.80531	48.26	0.256	rgb(220,168,169)	1.9463	2,2
E2f1	Cdc42bpa	0.87864	49.53	0.526	rgb(223,116,118)	1.9718	None
Klf5	Cdk5rap3	0.10309	31.22	0.217	rgb(219,175,176)	1.6051	None
Klf5	Cdkn1c	0.4529	39.09	0.085	rgb(218,201,201)	1.7627	None
E2f6	Cdt1	0.59693	42.42	0.421	rgb(222,137,138)	1.8294	None
Klf5	Cela1	0.26198	34.2	0.205	rgb(219,178,178)	1.6648	None
E2f1	Celsr1	0.022421	30.36	0.357	rgb(221,149,149)	1.5879	2,2
Klf5	Celsr1	0.39374	37.08	0.075	rgb(218,203,203)	1.7225	None
Klf5	Celsr2	0.91974	50.4	0.4	rgb(221,141,141)	1.9892	None
E2f6	Cenpe	0.081661	31.36	0.36	rgb(221,148,149)	1.6079	2,2
E2f1	Cenpf	0.8199	48.41	0.408	rgb(221,139,140)	1.9493	2,2
E2f1	Cenpk	0.6406	43.55	0.55	rgb(223,112,113)	1.852	2,2
E2f1	Chaf1b	0.98035	50.64	0.637	rgb(224, 95, 97)	1.994	None
E2f6	Chaf1b	0.8127	48.34	0.339	rgb(221,152,153)	1.9479	None
Klf5	Chaf1b	0.43439	38.03	0.213	rgb(219,176,177)	1.7415	None
E2f1	Chd3	0.8438	49.22	0.394	rgb(221,142,142)	1.9656	None
E2f1	Chdh	0.98909	50.7	0.698	rgb(225, 84, 85)	1.9952	None
Klf5	Chdh	0.42792	38.31	0.314	rgb(220,157,158)	1.7471	None
E2f1	Chek1	0.51165	40.34	0.343	rgb(221,151,152)	1.7877	2,2
E2f6	Chid1	0.72457	45.49	0.494	rgb(222,123,124)	1.8909	None
E2f1	Chst10	0.97546	50.62	0.617	rgb(224, 99,100)	1.9936	None
E2f6	Chsy3	0.92901	50.44	0.436	rgb(222,134,135)	1.99	None
Klf5	Chsy3	0.14327	32.39	0.392	rgb(221,142,143)	1.6286	None
Klf5	Cited2	0.32481	35.32	0.315	rgb(220,157,157)	1.6872	None
Klf5	Cklf	0.80427	48.16	0.164	rgb(219,186,186)	1.9443	None
Klf5	Cldnd2	0.89062	50.12	0.116	rgb(218,195,195)	1.9836	None
Klf5	Clic4	0.31533	36.03	0.032	rgb(217,211,211)	1.7014	None
E2f6	Cltc	0.74718	46.37	0.372	rgb(221,146,147)	1.9085	2,2
E2f1	Cmpk2	0.60555	42.58	0.584	rgb(223,105,107)	1.8326	2,2
Klf5	Cnn2	0.94654	50.5	0.501	rgb(223,121,122)	1.9912	None
E2f6	Col9a3	0.21624	34.09	0.087	rgb(218,200,201)	1.6626	None
E2f1	Cpm	0.49319	39.28	0.277	rgb(220,164,165)	1.7665	None
E2f1	Cpsf6	0.30541	35.14	0.143	rgb(219,190,190)	1.6836	None
Klf5	Creb3l1	0.9027	50.3	0.347	rgb(221,151,151)	1.9872	None
E2f1	Csgalnact1	0.88613	49.63	0.633	rgb(224, 96, 97)	1.9738	None
E2f1	Ctsz	0.70355	45.25	0.254	rgb(220,168,169)	1.8861	2,2
E2f1	Cuedc1	0.49187	40.05	0.053	rgb(218,207,207)	1.7819	None
Klf5	Cuedc1	0.81916	48.37	0.368	rgb(221,147,148)	1.9485	None
Klf5	Cuedc2	0.75365	46.44	0.442	rgb(222,133,133)	1.9099	None
E2f1	Cul7	0.43252	38.35	0.352	rgb(221,150,151)	1.7479	2,2
Klf5	Cxcl1	0.8493	49.29	0.294	rgb(220,161,161)	1.967	None
E2f1	Cxcl12	0.23543	34.27	0.274	rgb(220,165,165)	1.6662	2,2
Klf5	Cyp51	0.92431	50.42	0.421	rgb(222,137,137)	1.9896	None
E2f1	D430036J16Rik	0.31242	35.22	0.215	rgb(219,176,176)	1.6852	2,2
E2f1	D630045J12Rik	0.00098161	30.24	0.241	rgb(220,171,171)	1.5855	2,2
Klf5	Dach2	0.80686	48.28	0.374	rgb(221,146,146)	1.9467	None
E2f6	Dapk1	0.63066	43.4	0.397	rgb(221,141,142)	1.849	None
Klf5	Dapp1	0.55598	41.05	0.049	rgb(218,208,208)	1.802	None
Klf5	Dars	0.20361	33.12	0.123	rgb(218,193,194)	1.6432	None
E2f6	Dclre1a	0.72209	46.13	0.619	rgb(224, 99,100)	1.9037	None
E2f1	Dctd	0.80531	48.26	0.256	rgb(220,168,169)	1.9463	None
E2f6	Dctd	0.97766	50.63	0.628	rgb(224, 97, 98)	1.9938	None
E2f6	Dctn6	0.44547	38.23	0.235	rgb(220,172,173)	1.7455	None
Klf5	Dctn6	0.63118	43.2	0.196	rgb(219,179,180)	1.845	None
E2f6	Ddi2	0.043503	31.09	0.094	rgb(218,199,199)	1.6025	2,2
E2f1	Ddit4	0.88403	49.59	0.587	rgb(223,105,106)	1.973	None
Klf5	Ddit4	0.28084	35.23	0.231	rgb(220,173,173)	1.6854	None
Klf5	Ddx43	0.92315	50.41	0.414	rgb(222,138,139)	1.9894	None
Klf5	Deptor	0.23543	34.27	0.27	rgb(220,165,166)	1.6662	None
E2f1	Dgat2	0.89854	50.27	0.274	rgb(220,165,165)	1.9866	None
Klf5	Dgat2	0.97666	50.62	0.618	rgb(224, 99,100)	1.9936	None
Klf5	Dhrs13	0.20072	33.4	0.405	rgb(221,140,140)	1.6488	None
E2f1	Diap3	0.44523	38.48	0.48	rgb(222,125,126)	1.7505	2,2
E2f1	Dip2c	0.35999	36.23	0.231	rgb(220,173,173)	1.7054	None
Klf5	Dkk3	0.33091	36.24	0.239	rgb(220,171,172)	1.7056	None
E2f6	Dleu2	0.16151	33.1	0.096	rgb(218,199,199)	1.6428	None
Klf5	Dleu2	0.65542	43.49	0.486	rgb(222,124,125)	1.8508	None
Klf5	Dmd	0.89704	50.25	0.246	rgb(220,170,170)	1.9862	None
E2f1	Dnmt1	0.12127	32.24	0.243	rgb(220,171,171)	1.6256	2,2
E2f1	Dock1	0.97945	50.64	0.637	rgb(224, 95, 97)	1.994	None
Klf5	Dopey2	0.81491	48.32	0.317	rgb(220,157,157)	1.9475	None
E2f1	Dscc1	0.46602	39.27	0.266	rgb(220,166,167)	1.7663	2,2
E2f1	Dtnbp1	0.41669	38.2	0.199	rgb(219,179,179)	1.7449	2,2
Klf5	Dusp8	0.51622	40.38	0.384	rgb(221,144,144)	1.7885	None
E2f1	Edaradd	0.59693	42.42	0.422	rgb(222,136,137)	1.8294	2,2
E2f1	Eef1b2	0.24998	34.03	0.029	rgb(217,211,211)	1.6614	2,2
E2f6	Eef1d	0.89022	50.1	0.1	rgb(218,198,198)	1.9832	None
Klf5	Eef1g	0.97445	50.61	0.613	rgb(224,100,101)	1.9934	None
E2f1	Eef2	0.96856	50.59	0.591	rgb(223,104,105)	1.993	None
E2f6	Eef2	0.14917	32.1	0.096	rgb(218,199,199)	1.6227	None
Klf5	Eef2	0.971	50.6	0.602	rgb(224,102,103)	1.9932	None
E2f1	Efnb2	0.85014	49.3	0.307	rgb(220,158,159)	1.9672	None
Klf5	Efnb2	0.91248	50.36	0.356	rgb(221,149,150)	1.9884	None
Klf5	Elf4	0.80223	48.08	0.079	rgb(218,202,202)	1.9427	None
Klf5	Elmo3	0.067653	30.36	0.364	rgb(221,148,148)	1.5879	None
E2f6	Emp3	0.6081	43.06	0.058	rgb(218,206,206)	1.8422	None
Klf5	Emp3	0.93838	50.47	0.467	rgb(222,128,129)	1.9906	None
E2f6	Enpp4	0.44182	38.18	0.181	rgb(219,182,183)	1.7445	2,2
Klf5	Epas1	0.89121	50.16	0.161	rgb(219,186,187)	1.9844	None
Klf5	Ephx1	0.97325	50.61	0.607	rgb(224,101,102)	1.9934	None
Klf5	Etnk2	0.92663	50.43	0.545	rgb(223,113,114)	1.9898	None
E2f1	Ets2	0.84849	49.28	0.277	rgb(220,164,165)	1.9668	None
E2f1	Eva1b	0.058461	31.22	0.215	rgb(219,176,176)	1.6051	2,2
Klf5	Eva1b	0.9027	50.3	0.301	rgb(220,159,160)	1.9872	None
E2f6	Evi5	0.70575	45.41	0.406	rgb(221,139,140)	1.8893	None
Klf5	Eya2	0.48062	39.11	0.112	rgb(218,196,196)	1.7631	None
E2f1	Fads1	0.97325	50.61	0.61	rgb(224,100,102)	1.9934	None
E2f6	Fads1	0.98563	50.67	0.667	rgb(224, 90, 91)	1.9946	None
Klf5	Fam101b	0.75924	47.09	0.087	rgb(218,200,201)	1.9229	None
Klf5	Fam105a	0.89533	50.23	0.225	rgb(219,174,174)	1.9858	None
E2f1	Fam111a	0.51969	40.41	0.412	rgb(222,138,139)	1.7891	2,2
Klf5	Fam117a	0.63574	43.27	0.274	rgb(220,165,165)	1.8464	None
Klf5	Fam169b	0.86859	49.45	0.452	rgb(222,131,132)	1.9702	None
Klf5	Fam19a3	0.93565	50.46	0.464	rgb(222,128,129)	1.9904	None
Klf5	Fam216a	0.61106	43.15	0.178	rgb(219,183,183)	1.844	None
Klf5	Fam53c	0.065005	31.26	0.256	rgb(220,168,169)	1.6059	None
E2f1	Fam73a	0.85594	49.34	0.343	rgb(221,152,152)	1.968	None
Klf5	Fasl	0.68158	45.02	0.017	rgb(217,214,214)	1.8815	None
Klf5	Fbxl21	0.91248	50.36	0.36	rgb(221,148,149)	1.9884	None
E2f6	Fbxo17	0.52428	40.46	0.458	rgb(222,129,130)	1.7901	2,2
Klf5	Fbxo34	0.99205	50.72	0.715	rgb(225, 80, 82)	1.9956	None
E2f1	Fkbp5	0.96965	50.59	0.592	rgb(224,104,105)	1.993	None
E2f6	Fkbp5	0.72923	46.26	0.257	rgb(220,168,168)	1.9063	None
E2f1	Flt3l	0.99084	50.71	0.711	rgb(225, 81, 83)	1.9954	None
Klf5	Fnip2	0.93967	50.48	0.48	rgb(222,125,126)	1.9908	None
E2f1	Foxn3	0.27124	35.13	0.129	rgb(218,192,193)	1.6834	None
Klf5	Foxn3	0.61359	43.2	0.195	rgb(219,180,180)	1.845	None
Klf5	Foxred2	0.92075	50.4	0.398	rgb(221,141,142)	1.9892	None
E2f1	Fsd1l	0.88831	49.74	0.739	rgb(225, 76, 77)	1.976	None
E2f6	Fsd1l	0.95041	50.52	0.518	rgb(223,118,119)	1.9916	None
Klf5	Fyb	0.95347	50.53	0.532	rgb(223,115,117)	1.9918	None
E2f1	Fzd6	0.90664	50.33	0.328	rgb(221,154,155)	1.9878	None
Klf5	Fzd6	0.78945	47.51	0.509	rgb(223,120,121)	1.9313	None
E2f6	Galns	0.7584	46.5	0.503	rgb(223,121,122)	1.9111	None
E2f1	Galnt10	0.56014	41.42	0.425	rgb(222,136,137)	1.8094	2,2
Klf5	Galnt10	0.66918	44.25	0.248	rgb(220,170,170)	1.866	2,2
E2f6	Galnt3	0.9058	50.32	0.318	rgb(220,156,157)	1.9876	None
Klf5	Galnt3	0.92663	50.43	0.431	rgb(222,135,136)	1.9898	None
E2f1	Galnt6	0.96212	50.56	0.555	rgb(223,111,112)	1.9924	None
Klf5	Galnt6	0.90975	50.35	0.355	rgb(221,149,150)	1.9882	None
Klf5	Gart	0.69389	45.29	0.289	rgb(220,162,162)	1.8869	None
Klf5	Gas5	0.99427	50.75	0.754	rgb(225, 73, 74)	1.9962	None
E2f1	Gatsl2	0.55209	40.51	0.506	rgb(223,120,121)	1.7911	None
Klf5	Gfi1	0.99385	50.74	0.741	rgb(225, 75, 77)	1.996	None
E2f1	Gins1	0.32962	36.23	0.227	rgb(219,174,174)	1.7054	2,2
E2f6	Gkap1	0.77315	47.34	0.335	rgb(221,153,154)	1.9279	None
Klf5	Gkap1	0.68482	45.16	0.401	rgb(221,140,141)	1.8843	None
E2f6	Glb1	0.52133	40.15	0.153	rgb(219,188,188)	1.7839	None
Klf5	Glb1	0.3167	36.06	0.278	rgb(220,164,164)	1.702	None
E2f6	Gm10560	0.77315	47.34	0.341	rgb(221,152,153)	1.9279	None
Klf5	Gm12216	0.10393	32.1	0.099	rgb(218,198,198)	1.6227	None
E2f1	Gm14005	0.17164	33.2	0.202	rgb(219,178,179)	1.6448	None
E2f6	Gm14005	0.34785	36.05	0.053	rgb(218,207,207)	1.7018	None
Klf5	Gm15408	0.87956	49.54	0.543	rgb(223,113,114)	1.972	None
E2f6	Gm19705	0.1328	31.4	0.399	rgb(221,141,142)	1.6087	None
E2f6	Gm4956	0.31242	35.22	0.216	rgb(219,176,176)	1.6852	None
E2f6	Gm5779	0.22675	34.2	0.196	rgb(219,180,180)	1.6648	2,2
Klf5	Gm5779	0.64489	44.07	0.384	rgb(221,144,144)	1.8624	None
Klf5	Gm973	0.90664	50.33	0.327	rgb(221,155,155)	1.9878	None
E2f1	Gmfg	0.78518	47.46	0.463	rgb(222,129,129)	1.9303	2,2
E2f1	Gna15	0.86208	49.41	0.413	rgb(222,138,139)	1.9694	None
E2f6	Gna15	0.74668	46.45	0.448	rgb(222,131,132)	1.9101	None
E2f6	Gnao1	0.31934	36.12	0.12	rgb(218,194,194)	1.7032	None
E2f1	Gnat1	0.93838	50.47	0.471	rgb(222,127,128)	1.9906	None
Klf5	Gnat1	0.73926	46.37	0.372	rgb(221,146,147)	1.9085	None
Klf5	Gpn3	0.20164	33.09	0.093	rgb(218,199,200)	1.6426	None
Klf5	Gpr25	0.72314	45.47	0.466	rgb(222,128,129)	1.8905	None
Klf5	Gpr68	0.76698	47.12	0.121	rgb(218,194,194)	1.9235	None
Klf5	Gprasp1	0.9976	50.8	0.797	rgb(226, 65, 66)	1.9972	None
Klf5	Gprasp2	0.94763	50.51	0.509	rgb(223,120,121)	1.9914	None
Klf5	Gpsm3	0.16423	33.13	0.13	rgb(218,192,193)	1.6434	None
Klf5	Gpx4	0.45793	39.18	0.234	rgb(220,172,173)	1.7645	None
E2f1	Gramd1c	0.83062	48.52	0.524	rgb(223,117,118)	1.9515	None
Klf5	Gramd1c	0.62883	43.15	0.151	rgb(219,188,189)	1.844	None
Klf5	Grasp	0.47993	39.1	0.098	rgb(218,198,198)	1.7629	None
E2f1	Grb2	0.80284	48.11	0.156	rgb(219,187,187)	1.9433	None
E2f6	Grb2	0.93306	50.45	0.446	rgb(222,132,133)	1.9902	None
Klf5	Grb2	0.76909	47.18	0.182	rgb(219,182,183)	1.9247	None
Klf5	Grcc10	0.27124	35.13	0.127	rgb(218,193,193)	1.6834	None
Klf5	Grhl1	0.49378	40.1	0.098	rgb(218,198,199)	1.7829	None
Klf5	Grin2d	0.24314	34.32	0.315	rgb(220,157,157)	1.6672	2,2
E2f6	Gzma	0.015581	29.44	0.437	rgb(222,134,134)	1.5695	2,2
Klf5	Gzma	0.90746	50.33	0.335	rgb(221,153,154)	1.9878	None
E2f1	H2-Oa	0.78654	47.4	0.403	rgb(221,140,141)	1.9291	2,2
E2f1	Hdx	0.91342	50.37	0.375	rgb(221,145,146)	1.9886	None
Klf5	Hdx	0.91049	50.35	0.348	rgb(221,151,151)	1.9882	None
E2f1	Hectd3	0.66745	44.4	0.395	rgb(221,141,142)	1.869	2,2
Klf5	Hectd3	0.89163	50.16	0.157	rgb(219,187,187)	1.9844	None
Klf5	Hes1	0.61624	43.23	0.231	rgb(220,173,173)	1.8456	None
E2f6	Hic1	0.097117	32	0.081	rgb(218,202,202)	1.6207	None
Klf5	Hif3a	0.25732	34.15	0.152	rgb(219,188,188)	1.6638	None
E2f1	Hist1h2bc	0.76415	46.64	0.636	rgb(224, 95, 97)	1.9139	2,2
Klf5	Hist1h2bc	0.86075	49.4	0.401	rgb(221,140,141)	1.9692	2,2
Klf5	Hk2	0.72979	46.01	0.012	rgb(217,215,215)	1.9013	None
Klf5	Hmces	0.16938	32.27	0.266	rgb(220,166,167)	1.6262	None
E2f1	Hmgn1	0.14832	32.09	0.09	rgb(218,200,200)	1.6225	None
E2f1	Hmgn2	0.17879	33.25	0.252	rgb(220,169,169)	1.6458	2,2
E2f1	Homer2	0.35813	36.21	0.209	rgb(219,177,177)	1.705	None
E2f6	Homer2	0.91144	50.36	0.362	rgb(221,148,149)	1.9884	None
Klf5	Homer2	0.93439	50.46	0.464	rgb(222,128,129)	1.9904	None
Klf5	Hras	0.31533	36.03	0.034	rgb(217,211,211)	1.7014	None
E2f1	Hs3st1	0.91144	50.36	0.355	rgb(221,149,150)	1.9884	None
E2f6	Hs3st1	0.438	38.12	0.124	rgb(218,193,193)	1.7433	None
Klf5	Hs3st1	0.9949	50.76	0.764	rgb(225, 71, 73)	1.9964	None
E2f1	Hspa4	0.93565	50.46	0.464	rgb(222,128,129)	1.9904	None
E2f1	Hspb11	0.86396	49.41	0.412	rgb(222,138,139)	1.9694	2,2
Klf5	Hvcn1	0.4191	37.36	0.363	rgb(221,148,148)	1.7281	None
Klf5	I730030J21Rik	0.43872	38.13	0.13	rgb(218,192,192)	1.7435	2,2
Klf5	Ick	0.66483	44.37	0.371	rgb(221,146,147)	1.8684	None
Klf5	Id3	0.16268	33.11	0.107	rgb(218,197,197)	1.643	None
E2f1	Ifi30	0.2158	34.07	0.067	rgb(218,204,204)	1.6622	2,2
Klf5	Ifi30	0.5766	41.37	0.366	rgb(221,147,148)	1.8084	None
Klf5	Ifi35	0.74928	46.39	0.392	rgb(221,142,143)	1.9089	None
Klf5	Ifitm2	0.94246	50.49	0.489	rgb(222,124,124)	1.991	None
Klf5	Ifitm5	0.46931	38.44	0.439	rgb(222,133,134)	1.7497	None
Klf5	Ifnar1	0.96212	50.56	0.564	rgb(223,109,110)	1.9924	None
E2f1	Ift81	0.76267	47.2	0.201	rgb(219,179,179)	1.9251	None
Klf5	Igf2	0.98249	50.65	0.648	rgb(224, 93, 95)	1.9942	None
Klf5	Igsf5	0.90416	50.31	0.313	rgb(220,157,158)	1.9874	None
Klf5	Ikbkb	0.88309	49.58	0.584	rgb(223,106,107)	1.9728	None
Klf5	Ikbke	0.99586	50.77	0.769	rgb(225, 70, 72)	1.9966	None
E2f6	Ikzf3	0.8107	48.32	0.324	rgb(221,155,156)	1.9475	None
Klf5	Il10ra	0.99907	50.85	0.854	rgb(226, 54, 56)	1.9982	None
Klf5	Il10rb	0.73073	46.06	0.059	rgb(218,206,206)	1.9023	None
E2f6	Il12rb1	0.70204	45.37	0.37	rgb(221,146,147)	1.8885	None
Klf5	Il13	0.99919	50.84	0.836	rgb(226, 57, 59)	1.998	None
Klf5	Il17rd	0.6022	42.27	0.269	rgb(220,166,166)	1.8264	None
Klf5	Il21r	0.68864	44.48	0.478	rgb(222,126,127)	1.8706	None
Klf5	Il27ra	0.98976	50.7	0.7	rgb(225, 83, 85)	1.9952	None
E2f1	Il2ra	0.56549	41.24	0.241	rgb(220,171,171)	1.8058	None
Klf5	Il3	0.45304	39.1	0.1	rgb(218,198,198)	1.7629	2,2
Klf5	Il4	0.9935	50.74	0.742	rgb(225, 75, 77)	1.996	None
Klf5	Il6	0.53334	41.1	0.102	rgb(218,198,198)	1.803	None
E2f1	Impdh1	0.053443	31.18	0.181	rgb(219,183,183)	1.6043	2,2
E2f1	Inpp4b	0.87644	49.51	0.506	rgb(223,120,121)	1.9714	None
Klf5	Inpp4b	0.90416	50.31	0.309	rgb(220,158,159)	1.9874	None
Klf5	Inppl1	0.84237	49.12	0.116	rgb(218,195,195)	1.9636	None
Klf5	Iqgap1	0.69045	44.51	0.511	rgb(223,119,120)	1.8712	None
E2f1	Irf2bp2	0.83987	49.13	0.134	rgb(218,191,192)	1.9638	None
Klf5	Irf2bp2	0.93183	50.45	0.452	rgb(222,131,132)	1.9902	None
E2f6	Irf4	0.89433	50.22	0.225	rgb(219,174,175)	1.9856	None
Klf5	Isg15	0.99084	50.71	0.708	rgb(225, 82, 83)	1.9954	None
Klf5	Itm2a	0.8615	49.39	0.395	rgb(221,142,142)	1.969	None
E2f1	Jag1	0.71324	45.36	0.362	rgb(221,148,149)	1.8883	None
Klf5	Jak3	0.8493	49.29	0.287	rgb(220,162,163)	1.967	None
Klf5	Jdp2	0.91049	50.35	0.349	rgb(221,150,151)	1.9882	None
E2f6	Jund	0.089825	31.43	0.43	rgb(222,135,136)	1.6093	None
E2f1	Kat2a	0.61017	43.13	0.249	rgb(220,169,170)	1.8436	None
Klf5	Kcna4	0.9015	50.29	0.291	rgb(220,161,162)	1.987	None
Klf5	Kcnab2	0.88403	49.59	0.589	rgb(223,105,106)	1.973	None
Klf5	Kcng3	0.16008	33.08	0.077	rgb(218,202,203)	1.6424	None
E2f6	Kcnn4	0.91974	50.4	0.397	rgb(221,141,142)	1.9892	None
Klf5	Kcnn4	0.69958	45.17	0.17	rgb(219,185,185)	1.8845	None
E2f6	Kcnq5	0.62186	43.3	0.304	rgb(220,159,160)	1.847	None
Klf5	Kdm2b	0.97217	50.6	0.605	rgb(224,101,103)	1.9932	None
E2f1	Kif13a	0.90835	50.34	0.342	rgb(221,152,152)	1.988	None
E2f1	Kif15	0.60444	42.54	0.536	rgb(223,115,116)	1.8318	2,2
Klf5	Klf2	0.48163	39.13	0.13	rgb(218,192,193)	1.7635	None
E2f1	Klf5	0.20483	33.14	0.385	rgb(221,143,144)	1.6436	None
Klf5	Klf8	0.72759	45.55	0.549	rgb(223,112,113)	1.8921	None
E2f6	Klhl10	0.21865	34.12	0.124	rgb(218,193,194)	1.6632	None
Klf5	Klhl12	0.36518	37.09	0.239	rgb(220,171,172)	1.7227	None
Klf5	Klk8	0.99846	50.83	0.83	rgb(226, 58, 60)	1.9978	None
E2f1	Kntc1	0.93439	50.46	0.457	rgb(222,130,131)	1.9904	None
E2f6	Kpnb1	0.46602	39.27	0.269	rgb(220,166,166)	1.7663	2,2
Klf5	Ksr1	0.64902	44.18	0.184	rgb(219,182,182)	1.8646	None
Klf5	Kxd1	0.063509	31.25	0.245	rgb(220,170,171)	1.6057	None
E2f1	Lamc1	0.79925	47.58	0.576	rgb(223,107,108)	1.9327	None
Klf5	Laptm5	0.75106	46.41	0.411	rgb(222,138,139)	1.9093	None
Klf5	Lck	0.67278	44.3	0.299	rgb(220,160,161)	1.867	None
E2f1	Ldlrad4	0.81114	48.28	0.285	rgb(220,163,163)	1.9467	None
E2f1	Ldoc1l	0.41061	38.12	0.115	rgb(218,195,195)	1.7433	2,2
E2f1	Lgals1	0.89176	50.17	0.166	rgb(219,185,186)	1.9846	None
E2f6	Lig4	0.24151	34.31	0.311	rgb(220,158,158)	1.667	2,2
E2f1	Lmo4	0.92777	50.43	0.431	rgb(222,135,135)	1.9898	None
E2f6	Lpar2	0.33581	36.28	0.276	rgb(220,164,165)	1.7064	2,2
Klf5	Lpcat2	0.98563	50.67	0.668	rgb(224, 89, 91)	1.9946	None
E2f1	Lrig1	0.98665	50.68	0.681	rgb(224, 87, 88)	1.9948	None
E2f6	Lrp12	0.54163	41.23	0.225	rgb(219,174,174)	1.8056	None
E2f6	Lrrc27	0.5105	40.33	0.333	rgb(221,153,154)	1.7875	None
Klf5	Lrrc32	0.95041	50.52	0.523	rgb(223,117,118)	1.9916	None
Klf5	Lrrk1	0.55975	41.14	0.141	rgb(219,190,190)	1.8038	None
E2f1	Ltb4r1	0.9634	50.57	0.569	rgb(223,108,109)	1.9926	None
Klf5	Ltb4r1	0.83487	48.53	0.529	rgb(223,116,117)	1.9517	None
E2f6	Lzic	0.52063	40.42	0.424	rgb(222,136,137)	1.7893	2,2
Klf5	Mad2l1bp	0.47689	39.01	0.011	rgb(217,215,215)	1.7611	None
E2f1	Magi1	0.96965	50.59	0.586	rgb(223,105,106)	1.993	None
E2f6	Magi1	0.47817	39.39	0.39	rgb(221,142,143)	1.7687	None
Klf5	Magi1	0.93691	50.47	0.469	rgb(222,127,128)	1.9906	None
Klf5	Mansc1	0.26711	35.07	0.072	rgb(218,203,203)	1.6822	None
Klf5	Map4k2	0.41608	37.33	0.327	rgb(221,155,155)	1.7275	None
Klf5	Mapk11	0.89533	50.23	0.232	rgb(220,173,173)	1.9858	None
Klf5	Matk	0.99545	50.76	0.757	rgb(225, 72, 74)	1.9964	None
Klf5	Mboat1	0.92663	50.43	0.429	rgb(222,135,136)	1.9898	None
Klf5	Mboat2	0.15154	32.13	0.131	rgb(218,192,192)	1.6233	None
Klf5	Mcm6	0.91342	50.37	0.416	rgb(222,137,138)	1.9886	None
E2f1	Mcm8	0.79156	47.54	0.543	rgb(223,113,114)	1.9319	2,2
Klf5	Mecom	0.45418	39.12	0.116	rgb(218,195,195)	1.7633	None
E2f1	Med12l	0.67583	44.5	0.497	rgb(222,122,123)	1.871	None
E2f6	Med12l	0.82038	48.42	0.42	rgb(222,137,138)	1.9495	None
Klf5	Meis3	0.89807	50.26	0.259	rgb(220,168,168)	1.9864	None
Klf5	Men1	0.95347	50.53	0.535	rgb(223,115,116)	1.9918	None
E2f1	Mettl23	0.79757	48.08	0.077	rgb(218,202,202)	1.9427	None
E2f6	Mettl23	0.35904	36.22	0.22	rgb(219,175,175)	1.7052	None
Klf5	Mfng	0.7662	47.09	0.089	rgb(218,200,200)	1.9229	None
Klf5	Mfsd2a	0.80131	48.2	0.198	rgb(219,179,180)	1.9451	None
Klf5	Mical3	0.78403	47.44	0.442	rgb(222,133,133)	1.9299	None
Klf5	Mitf	0.5105	40.33	0.333	rgb(221,153,154)	1.7875	None
E2f6	Mki67	0.29074	35.3	0.297	rgb(220,160,161)	1.6868	2,2
E2f1	Mns1	0.51969	40.41	0.411	rgb(222,138,139)	1.7891	2,2
E2f6	Mnt	0.78289	47.43	0.432	rgb(222,134,135)	1.9297	None
E2f1	Mob3b	0.63013	43.18	0.183	rgb(219,182,182)	1.8446	None
E2f1	Morc3	0.47725	39.38	0.378	rgb(221,145,146)	1.7685	None
Klf5	Morc3	0.22255	33.29	0.295	rgb(220,161,161)	1.6466	None
E2f1	Mpped2	0.62485	43	0.157	rgb(219,187,187)	1.841	None
Klf5	Mpped2	0.61039	43.14	0.139	rgb(219,190,191)	1.8438	None
E2f1	Msi2	0.19526	33.36	0.359	rgb(221,149,149)	1.648	None
Klf5	Mta3	0.096292	31.17	0.167	rgb(219,185,185)	1.6041	None
Klf5	Mthfd1l	0.16874	33.18	0.179	rgb(219,183,183)	1.6444	None
E2f1	Mtss1	0.84413	49.18	0.183	rgb(219,182,182)	1.9648	None
Klf5	Mtss1	0.70279	45.38	0.379	rgb(221,145,145)	1.8887	None
Klf5	Mvd	0.8438	49.22	0.224	rgb(219,174,175)	1.9656	None
E2f1	Myadm	0.98909	50.7	0.704	rgb(225, 83, 84)	1.9952	None
Klf5	Myadm	0.76175	47.18	0.38	rgb(221,144,145)	1.9247	None
E2f1	Mycn	0.26287	34.21	0.207	rgb(219,177,178)	1.665	None
Klf5	Mylpf	0.099813	31.2	0.195	rgb(219,180,180)	1.6047	None
Klf5	Myo18a	0.99545	50.76	0.758	rgb(225, 72, 74)	1.9964	None
Klf5	Myo1d	0.73337	46.31	0.314	rgb(220,157,158)	1.9073	None
Klf5	Naif1	0.41139	38.13	0.133	rgb(218,192,192)	1.7435	None
Klf5	Nans	0.63154	43.21	0.207	rgb(219,177,178)	1.8452	None
E2f1	Ncapd2	0.62485	43.33	0.332	rgb(221,154,154)	1.8476	2,2
E2f1	Ncapg2	0.34615	36.36	0.355	rgb(221,149,150)	1.708	2,2
E2f6	Nck2	0.5905	42.35	0.351	rgb(221,150,151)	1.828	None
Klf5	Nck2	0.67202	44.29	0.29	rgb(220,162,162)	1.8668	None
Klf5	Nckap5	0.8467	49.26	0.256	rgb(220,168,169)	1.9664	None
E2f1	Ncmap	0.60305	42.28	0.278	rgb(220,164,164)	1.8266	None
Klf5	Ncmap	0.96212	50.56	0.559	rgb(223,110,111)	1.9924	None
E2f1	Ndc80	0.27907	35.21	0.207	rgb(219,177,178)	1.685	2,2
E2f1	Nefh	0.87588	49.51	0.515	rgb(223,119,120)	1.9714	None
E2f6	Nefh	0.31784	36.08	0.084	rgb(218,201,201)	1.7024	None
Klf5	Nfib	0.22022	34.14	0.138	rgb(219,191,191)	1.6636	None
E2f1	Nfix	0.72759	45.55	0.545	rgb(223,113,114)	1.8921	2,2
E2f6	Nhlrc2	0.85594	49.34	0.338	rgb(221,152,153)	1.968	None
E2f1	Nipa1	0.95041	50.52	0.516	rgb(223,118,120)	1.9916	None
Klf5	Nipa1	0.69137	45.26	0.259	rgb(220,168,168)	1.8863	None
Klf5	Nipal1	0.97546	50.62	0.622	rgb(224, 98, 99)	1.9936	None
Klf5	Nkg7	0.98146	50.65	0.652	rgb(224, 92, 94)	1.9942	None
Klf5	Nod2	0.78841	47.42	0.423	rgb(222,136,137)	1.9295	None
E2f1	Nop9	0.81828	48.4	0.401	rgb(221,140,141)	1.9491	None
Klf5	Nprl3	0.91144	50.36	0.358	rgb(221,149,149)	1.9884	None
Klf5	Nqo1	0.53002	40.27	0.266	rgb(220,166,167)	1.7863	None
E2f6	Nr3c2	0.42121	38.25	0.253	rgb(220,169,169)	1.7459	None
E2f1	Nsa2	0.84434	49.23	0.225	rgb(219,174,174)	1.9658	None
E2f1	Nt5c3b	0.77407	47.27	0.265	rgb(220,166,167)	1.9265	None
Klf5	Ntng2	0.92075	50.4	0.403	rgb(221,140,141)	1.9892	None
Klf5	Nuak2	0.51571	39.59	0.592	rgb(224,104,105)	1.7727	None
E2f1	Nucb2	0.98146	50.65	0.651	rgb(224, 93, 94)	1.9942	None
Klf5	Nucb2	0.64514	44.09	0.092	rgb(218,199,200)	1.8628	None
E2f1	Nup50	0.3033	35.11	0.114	rgb(218,195,195)	1.683	2,2
E2f6	Nxn	0.88704	49.67	0.671	rgb(224, 89, 90)	1.9746	2,2
E2f6	Nxpe4	0.84279	49.21	0.205	rgb(219,178,178)	1.9654	None
E2f6	Nyap2	0.83967	49.12	0.12	rgb(218,194,194)	1.9636	None
Klf5	Oas3	0.68691	44.45	0.449	rgb(222,131,132)	1.87	None
E2f1	Olr1	0.13504	32.33	0.329	rgb(221,154,155)	1.6274	2,2
E2f6	Osbpl1a	0.52786	40.52	0.517	rgb(223,118,119)	1.7913	2,2
E2f1	Osbpl6	0.92544	50.42	0.416	rgb(222,137,138)	1.9896	None
E2f6	P2rx4	0.93565	50.46	0.463	rgb(222,129,130)	1.9904	None
Klf5	P2rx4	0.93183	50.45	0.449	rgb(222,131,132)	1.9902	None
E2f1	P2ry14	0.82294	48.4	0.403	rgb(221,140,141)	1.9491	None
Klf5	Pacs2	0.42072	38.24	0.237	rgb(220,172,172)	1.7457	None
Klf5	Padi2	0.14758	32.08	0.082	rgb(218,201,202)	1.6223	None
E2f1	Pard3b	0.92777	50.43	0.479	rgb(222,126,127)	1.9898	None
Klf5	Pard3b	0.12507	32.27	0.272	rgb(220,165,166)	1.6262	None
E2f1	Pard6g	0.035525	30.16	0.16	rgb(219,187,187)	1.5839	None
Klf5	Pard6g	0.98976	50.7	0.705	rgb(225, 82, 84)	1.9952	None
Klf5	Paxbp1	0.84171	49.18	0.175	rgb(219,184,184)	1.9648	2,2
E2f1	Pbx2	0.84434	49.23	0.234	rgb(220,172,173)	1.9658	None
Klf5	Pbx2	0.81114	48.28	0.278	rgb(220,164,164)	1.9467	None
Klf5	Pbxip1	0.57493	42.16	0.388	rgb(221,143,144)	1.8242	None
E2f6	Pcdhgb5	0.72146	46.11	0.112	rgb(218,196,196)	1.9033	None
E2f1	Pcsk1	0.3515	36.13	0.134	rgb(218,191,192)	1.7034	2,2
E2f1	Pde4d	0.85146	49.3	0.297	rgb(220,160,161)	1.9672	None
E2f6	Pde4d	0.69194	45.27	0.266	rgb(220,166,167)	1.8865	None
Klf5	Pde7a	0.48359	39.17	0.169	rgb(219,185,185)	1.7643	None
E2f1	Pdk3	0.056996	31.21	0.213	rgb(219,176,177)	1.6049	2,2
E2f1	Pdlim1	0.90076	50.29	0.294	rgb(220,161,161)	1.987	None
E2f6	Pdlim1	0.61491	43.22	0.22	rgb(219,175,176)	1.8454	None
Klf5	Pdlim1	0.95592	50.54	0.542	rgb(223,114,115)	1.992	None
E2f6	Pds5a	0.036694	30.57	0.571	rgb(223,108,109)	1.5921	2,2
Klf5	Pear1	0.9634	50.57	0.573	rgb(223,108,109)	1.9926	None
E2f1	Phf19	0.98482	50.67	0.671	rgb(224, 89, 90)	1.9946	None
Klf5	Phf19	0.88359	49.59	0.594	rgb(224,104,105)	1.973	None
Klf5	Phf21b	0.37021	37.17	0.191	rgb(219,181,181)	1.7243	None
E2f6	Phf7	0.74582	46.44	0.443	rgb(222,132,133)	1.9099	2,2
E2f1	Pidd1	0.97666	50.62	0.619	rgb(224, 99,100)	1.9936	None
E2f6	Pidd1	0.65757	44.3	0.304	rgb(220,159,160)	1.867	None
Klf5	Pidd1	0.32378	36.17	0.254	rgb(220,168,169)	1.7042	None
E2f6	Pigw	0.19526	33.36	0.357	rgb(221,149,149)	1.648	2,2
E2f1	Pik3c2a	0.52038	40.13	0.127	rgb(218,193,193)	1.7835	None
E2f6	Pik3c2a	0.93027	50.44	0.437	rgb(222,134,134)	1.99	None
Klf5	Pik3r5	0.8402	48.77	0.768	rgb(225, 70, 72)	1.9565	None
E2f1	Pip4k2b	0.50544	40.28	0.279	rgb(220,164,164)	1.7865	None
Klf5	Pitpnc1	0.89235	50.18	0.184	rgb(219,182,182)	1.9848	None
E2f1	Pitpnm2	0.96965	50.59	0.588	rgb(223,105,106)	1.993	None
E2f6	Pkd1l2	0.66603	44.2	0.223	rgb(219,174,175)	1.865	None
Klf5	Plac8	0.72396	45.48	0.48	rgb(222,125,126)	1.8907	None
Klf5	Plagl1	0.91049	50.35	0.345	rgb(221,151,152)	1.9882	None
E2f1	Plaur	0.77817	47.31	0.313	rgb(220,157,158)	1.9273	None
Klf5	Plaur	0.94763	50.51	0.512	rgb(223,119,120)	1.9914	None
E2f1	Plcl1	0.95347	50.53	0.527	rgb(223,116,117)	1.9918	None
Klf5	Plec	0.63066	43.4	0.395	rgb(221,142,142)	1.849	None
Klf5	Plekha7	0.62615	43.07	0.068	rgb(218,204,204)	1.8424	None
Klf5	Plekhm3	0.5216	40.16	0.162	rgb(219,186,186)	1.7841	None
Klf5	Plk3	0.228	34.21	0.215	rgb(219,176,176)	1.665	None
E2f6	Plp2	0.25051	34.38	0.381	rgb(221,144,145)	1.6684	2,2
E2f1	Plxna1	0.99877	50.84	0.836	rgb(226, 57, 59)	1.998	None
Klf5	Plxna1	0.90416	50.31	0.312	rgb(220,157,158)	1.9874	None
Klf5	Plxnd1	0.23462	33.37	0.374	rgb(221,146,146)	1.6482	None
Klf5	Pmepa1	0.83487	48.53	0.529	rgb(223,116,117)	1.9517	None
Klf5	Pnpo	0.57153	42.06	0.056	rgb(218,206,206)	1.8222	None
Klf5	Polb	0.96737	50.58	0.577	rgb(223,107,108)	1.9928	None
Klf5	Polr2e	0.097569	31.18	0.179	rgb(219,183,183)	1.6043	None
E2f6	Pou2f2	0.22675	34.2	0.196	rgb(219,179,180)	1.6648	None
Klf5	Pou6f1	0.74115	46.3	0.297	rgb(220,160,161)	1.9071	None
E2f1	Pparg	0.94654	50.5	0.498	rgb(222,122,123)	1.9912	None
E2f1	Ppargc1b	0.94763	50.51	0.51	rgb(223,120,121)	1.9914	None
Klf5	Ppargc1b	0.72505	45.5	0.502	rgb(223,121,122)	1.8911	None
E2f1	Ppif	0.8127	48.34	0.338	rgb(221,152,153)	1.9479	None
Klf5	Ppif	0.78654	47.4	0.401	rgb(221,140,141)	1.9291	None
Klf5	Ppm1j	0.40481	37.24	0.24	rgb(220,171,172)	1.7257	None
Klf5	Ppp1r18	0.58506	42.3	0.299	rgb(220,160,160)	1.827	None
E2f6	Ppp2r5c	0.60899	43.1	0.104	rgb(218,197,197)	1.843	None
E2f6	Pprc1	0.54065	41.22	0.222	rgb(219,175,175)	1.8054	2,2
E2f1	Prc1	0.48453	39.46	0.457	rgb(222,130,131)	1.7701	2,2
E2f6	Prex1	0.14445	32.03	0.111	rgb(218,196,196)	1.6213	None
Klf5	Prkaca	0.97445	50.61	0.614	rgb(224,100,101)	1.9934	None
Klf5	Prkcb	0.5914	42.03	0.029	rgb(217,211,212)	1.8216	None
E2f1	Prkcz	0.96856	50.59	0.595	rgb(224,103,105)	1.993	None
Klf5	Prr14l	0.67278	44.3	0.3	rgb(220,160,160)	1.867	None
E2f1	Prrt2	0.92205	50.41	0.406	rgb(221,139,140)	1.9894	None
Klf5	Ptgir	0.89533	50.23	0.233	rgb(220,173,173)	1.9858	None
E2f1	Ptpn13	0.89751	50.26	0.265	rgb(220,166,167)	1.9864	None
Klf5	Ptpn13	0.90416	50.31	0.312	rgb(220,157,158)	1.9874	None
Klf5	Ptpn18	0.89073	50.14	0.139	rgb(219,190,191)	1.984	None
E2f6	Pwp1	0.73785	46.25	0.254	rgb(220,169,169)	1.9061	2,2
E2f1	Rab11fip4	0.34327	36.34	0.34	rgb(221,152,153)	1.7076	2,2
Klf5	Rab11fip4	0.88403	49.59	0.59	rgb(223,104,105)	1.973	None
Klf5	Rab4a	0.75924	47.09	0.093	rgb(218,199,199)	1.9229	None
E2f6	Rab8b	0.51007	39.45	0.449	rgb(222,131,132)	1.7699	None
Klf5	Rab8b	0.93183	50.45	0.451	rgb(222,131,132)	1.9902	None
Klf5	Rac2	0.70525	45.27	0.274	rgb(220,165,165)	1.8865	None
E2f1	Rad51	0.17018	33.19	0.188	rgb(219,181,182)	1.6446	2,2
Klf5	Rad9a	0.53658	40.33	0.33	rgb(221,154,155)	1.7875	None
E2f1	Ralgps2	0.78101	47.34	0.345	rgb(221,151,152)	1.9279	None
Klf5	Ralgps2	0.42121	38.25	0.252	rgb(220,169,169)	1.7459	None
E2f1	Rasgrp2	0.91672	50.38	0.377	rgb(221,145,146)	1.9888	None
Klf5	Rasgrp4	0.99243	50.73	0.734	rgb(225, 77, 78)	1.9958	None
E2f1	Rassf2	0.29637	35.34	0.339	rgb(221,152,153)	1.6876	2,2
E2f1	Rbfa	0.97325	50.61	0.608	rgb(224,101,102)	1.9934	None
Klf5	Rbm20	0.40756	37.26	0.257	rgb(220,168,168)	1.7261	None
Klf5	Rbm47	0.68367	45.13	0.129	rgb(218,192,193)	1.8837	None
E2f1	Rbms1	0.45793	39.18	0.182	rgb(219,182,183)	1.7645	None
E2f1	Rcan3	0.971	50.6	0.596	rgb(224,103,104)	1.9932	None
E2f6	Rcan3	0.77047	47.31	0.31	rgb(220,158,158)	1.9273	None
Klf5	Rcan3	0.57325	42.12	0.122	rgb(218,194,194)	1.8234	None
E2f1	Rcn1	0.45385	39.11	0.106	rgb(218,197,197)	1.7631	None
Klf5	Rcn1	0.63532	43.45	0.445	rgb(222,132,133)	1.85	None
Klf5	Ret	0.90416	50.31	0.309	rgb(220,158,159)	1.9874	None
E2f1	Rfc3	0.053443	31.18	0.184	rgb(219,182,182)	1.6043	2,2
Klf5	Rfng	0.91144	50.36	0.361	rgb(221,148,149)	1.9884	None
Klf5	Rfx2	0.074977	30.42	0.417	rgb(222,137,138)	1.5891	None
Klf5	Rfx5	0.57431	42.15	0.151	rgb(219,188,189)	1.824	None
Klf5	Rgs10	0.95592	50.54	0.543	rgb(223,113,114)	1.992	None
Klf5	Rgs16	0.48411	39.18	0.176	rgb(219,183,184)	1.7645	None
Klf5	Rhbdf1	0.81209	48.29	0.291	rgb(220,161,162)	1.9469	None
E2f1	Rhobtb2	0.87817	49.53	0.533	rgb(223,115,116)	1.9718	2,2
Klf5	Rhof	0.96856	50.59	0.595	rgb(224,103,105)	1.993	None
E2f6	Rif1	0.34992	36.39	0.395	rgb(221,142,142)	1.7087	2,2
E2f1	Rmi2	0.068479	31.28	0.281	rgb(220,163,164)	1.6063	2,2
Klf5	Rnf24	0.38093	37.28	0.276	rgb(220,164,165)	1.7265	None
E2f1	Rora	0.78743	47.41	0.413	rgb(222,138,139)	1.9293	None
Klf5	Rpl12	0.98146	50.65	0.654	rgb(224, 92, 93)	1.9942	None
E2f1	Rpl13a	0.92205	50.41	0.408	rgb(221,139,140)	1.9894	None
E2f6	Rpl13a	0.23122	33.35	0.353	rgb(221,150,150)	1.6478	None
Klf5	Rpl13a	0.97445	50.61	0.608	rgb(224,101,102)	1.9934	None
E2f1	Rpl14	0.78135	47.35	0.354	rgb(221,149,150)	1.9281	2,2
E2f1	Rpl35	0.98482	50.67	0.67	rgb(224, 89, 90)	1.9946	2,2
Klf5	Rpl37a	0.31575	36.05	0.051	rgb(218,207,207)	1.7018	2,2
Klf5	Rpl6	0.99723	50.79	0.793	rgb(226, 65, 67)	1.997	None
Klf5	Rpl8	0.98563	50.67	0.666	rgb(224, 90, 91)	1.9946	None
E2f1	Rplp0	0.77616	47.29	0.294	rgb(220,161,161)	1.9269	2,2
E2f6	Rplp0	0.17225	32.29	0.291	rgb(220,161,162)	1.6266	2,2
E2f1	Rps11	0.96102	50.56	0.561	rgb(223,110,111)	1.9924	None
E2f6	Rps11	0.078482	30.46	0.456	rgb(222,130,131)	1.5899	None
Klf5	Rps18	0.99804	50.81	0.806	rgb(226, 63, 65)	1.9974	None
E2f1	Rps19	0.91536	50.38	0.377	rgb(221,145,146)	1.9888	2,2
E2f1	Rps2	0.29022	34.43	0.427	rgb(222,135,136)	1.6694	2,2
E2f1	Rps20	0.90076	50.29	0.286	rgb(220,162,163)	1.987	2,2
Klf5	Rps20	0.45019	39.01	0.014	rgb(217,214,214)	1.7611	2,2
E2f1	Rps3a1	0.25827	34.16	0.158	rgb(219,187,187)	1.664	2,2
E2f1	Rps6	0.73386	46.17	0.169	rgb(219,185,185)	1.9045	2,2
E2f1	Rps8	0.026691	30.07	0.065	rgb(218,205,205)	1.5821	2,2
E2f6	Rps9	0.32777	35.34	0.336	rgb(221,153,154)	1.6876	None
Klf5	Rps9	0.95041	50.52	0.516	rgb(223,118,119)	1.9916	None
Klf5	Rras2	0.78341	47.37	0.366	rgb(221,147,148)	1.9285	None
E2f6	Rsrp1	0.11633	32.21	0.209	rgb(219,177,178)	1.6249	None
E2f1	Samd1	0.93183	50.45	0.447	rgb(222,132,133)	1.9902	None
Klf5	Samd1	0.39746	37.14	0.142	rgb(219,190,190)	1.7237	None
E2f1	Sbf2	0.96619	50.58	0.579	rgb(223,106,107)	1.9928	None
Klf5	Sbf2	0.90416	50.31	0.311	rgb(220,158,158)	1.9874	None
Klf5	Sc5d	0.61745	43.25	0.246	rgb(220,170,170)	1.846	2,2
E2f1	Scarb1	0.72678	45.53	0.535	rgb(223,115,116)	1.8917	2,2
Klf5	Scimp	0.57304	42.11	0.114	rgb(218,195,195)	1.8232	None
E2f1	Scin	0.20164	33.09	0.092	rgb(218,199,200)	1.6426	None
Klf5	Scml4	0.73978	46.28	0.326	rgb(221,155,155)	1.9067	None
Klf5	Sec14l2	0.79508	47.6	0.596	rgb(224,103,104)	1.9331	None
E2f1	Sec22c	0.49998	40.21	0.212	rgb(219,176,177)	1.7851	2,2
Klf5	Selenbp1	0.45441	39.13	0.127	rgb(218,193,193)	1.7635	None
Klf5	Sema6d	0.9949	50.76	0.757	rgb(225, 72, 74)	1.9964	None
E2f1	Sept3	0.53632	41.16	0.159	rgb(219,187,187)	1.8042	2,2
Klf5	Serpine1	0.62186	43.3	0.303	rgb(220,159,160)	1.847	2,2
E2f6	Serpine2	0.47708	39.02	0.02	rgb(217,213,213)	1.7613	None
E2f6	Setd8	0.8127	48.34	0.341	rgb(221,152,153)	1.9479	2,2
Klf5	Setx	0.71692	45.4	0.397	rgb(221,141,142)	1.8891	None
E2f1	Sfxn1	0.40709	38.04	0.037	rgb(217,210,210)	1.7417	None
Klf5	Sh3d21	0.87911	49.54	0.544	rgb(223,113,114)	1.972	None
Klf5	Sh3kbp1	0.50908	39.44	0.438	rgb(222,133,134)	1.7697	None
E2f1	Siae	0.29896	35.36	0.362	rgb(221,148,149)	1.688	2,2
Klf5	Sipa1l2	0.87761	49.52	0.518	rgb(223,118,119)	1.9716	None
Klf5	Sirt3	0.31715	35.26	0.259	rgb(220,167,168)	1.686	None
Klf5	Skap1	0.98327	50.66	0.658	rgb(224, 91, 93)	1.9944	None
E2f1	Slc16a1	0.92315	50.41	0.408	rgb(221,139,140)	1.9894	None
E2f6	Slc16a1	0.83891	49.08	0.331	rgb(221,154,155)	1.9628	None
Klf5	Slc16a1	0.93183	50.45	0.446	rgb(222,132,133)	1.9902	None
Klf5	Slc16a3	0.55151	41.34	0.342	rgb(221,152,152)	1.8078	None
E2f6	Slc17a6	0.2216	34.15	0.155	rgb(219,187,188)	1.6638	2,2
E2f1	Slc18a2	0.91144	50.36	0.361	rgb(221,148,149)	1.9884	None
E2f1	Slc22a23	0.8356	48.54	0.543	rgb(223,113,114)	1.9519	None
E2f6	Slc22a23	0.8541	49.34	0.335	rgb(221,153,154)	1.968	None
Klf5	Slc25a23	0.77364	47.26	0.261	rgb(220,167,168)	1.9263	None
Klf5	Slc2a1	0.76848	47.17	0.342	rgb(221,152,152)	1.9245	None
E2f6	Slc39a11	0.58506	42.3	0.305	rgb(220,159,159)	1.827	None
Klf5	Slc39a11	0.95347	50.53	0.528	rgb(223,116,117)	1.9918	None
Klf5	Slc39a13	0.82819	48.45	0.445	rgb(222,132,133)	1.9501	None
Klf5	Slc39a4	0.95041	50.52	0.516	rgb(223,118,119)	1.9916	None
Klf5	Slc41a2	0.80217	48.07	0.071	rgb(218,203,204)	1.9425	None
Klf5	Slc43a3	0.24475	33.46	0.461	rgb(222,129,130)	1.65	None
Klf5	Slc6a12	0.49492	40.12	0.123	rgb(218,194,194)	1.7833	None
E2f1	Slc7a5	0.93027	50.44	0.441	rgb(222,133,134)	1.99	None
E2f6	Slc7a5	0.6878	45.21	0.21	rgb(219,177,177)	1.8853	None
Klf5	Slc7a5	0.96737	50.58	0.579	rgb(223,106,108)	1.9928	None
Klf5	Slc7a8	0.89907	50.27	0.266	rgb(220,166,167)	1.9866	None
Klf5	Snhg4	0.80175	48.04	0.038	rgb(217,210,210)	1.9419	None
E2f6	Snora41	0.52266	40.44	0.44	rgb(222,133,134)	1.7897	2,2
Klf5	Sntb2	0.45569	38.32	0.323	rgb(221,155,156)	1.7473	None
E2f1	Socs2	0.54388	41.26	0.261	rgb(220,167,168)	1.8062	None
Klf5	Socs2	0.89433	50.22	0.217	rgb(219,176,176)	1.9856	None
Klf5	Socs5	0.49492	40.12	0.124	rgb(218,193,194)	1.7833	2,2
Klf5	Sorbs1	0.32777	35.34	0.343	rgb(221,152,152)	1.6876	None
E2f6	Sorbs3	0.88052	49.55	0.549	rgb(223,112,113)	1.9722	None
E2f6	Sorl1	0.68104	45.01	0.012	rgb(217,215,215)	1.8813	None
Klf5	Sorl1	0.56125	41.17	0.165	rgb(219,185,186)	1.8044	None
Klf5	Spata13	0.99787	50.81	0.807	rgb(226, 63, 65)	1.9974	None
E2f1	Spock2	0.971	50.6	0.6	rgb(224,102,104)	1.9932	None
Klf5	Spock2	0.55475	41.37	0.37	rgb(221,146,147)	1.8084	None
E2f6	Spon1	0.70204	45.37	0.37	rgb(221,146,147)	1.8885	2,2
Klf5	Ssh2	0.45418	39.12	0.12	rgb(218,194,194)	1.7633	None
E2f1	St3gal5	0.029293	30.42	0.423	rgb(222,136,137)	1.5891	2,2
Klf5	St3gal5	0.20164	33.09	0.085	rgb(218,201,201)	1.6426	None
E2f6	Stat1	0.77719	47.3	0.3	rgb(220,160,160)	1.9271	None
E2f1	Stc2	0.52677	40.23	0.225	rgb(219,174,174)	1.7855	2,2
E2f1	Stil	0.16695	33.16	0.163	rgb(219,186,186)	1.644	2,2
E2f1	Stxbp6	0.95592	50.54	0.536	rgb(223,115,116)	1.992	None
E2f6	Surf2	0.1179	32.22	0.222	rgb(219,175,175)	1.6252	2,2
Klf5	Susd1	0.32378	36.17	0.166	rgb(219,185,186)	1.7042	None
Klf5	Sv2c	0.91342	50.37	0.366	rgb(221,147,148)	1.9886	None
E2f1	Syne1	0.1112	32.17	0.173	rgb(219,184,184)	1.6241	None
Klf5	Syngr2	0.99617	50.77	0.768	rgb(225, 70, 72)	1.9966	None
Klf5	Synj2	0.36549	36.28	0.278	rgb(220,164,164)	1.7064	None
E2f6	Sytl2	0.40696	38.03	0.141	rgb(219,190,190)	1.7415	None
Klf5	Sytl2	0.95347	50.53	0.529	rgb(223,116,117)	1.9918	None
E2f1	Tacc3	0.70204	45.37	0.372	rgb(221,146,147)	1.8885	2,2
E2f6	Tada2b	0.47817	39.39	0.385	rgb(221,143,144)	1.7687	2,2
Klf5	Taldo1	0.88951	50.09	0.089	rgb(218,200,200)	1.983	None
Klf5	Tanc2	0.94522	50.5	0.501	rgb(223,121,122)	1.9912	2,2
Klf5	Tapbpl	0.81585	48.33	0.329	rgb(221,154,155)	1.9477	None
Klf5	Tbc1d10a	0.92663	50.43	0.426	rgb(222,136,136)	1.9898	None
Klf5	Tbc1d2b	0.73579	46.21	0.206	rgb(219,178,178)	1.9053	None
E2f6	Tbc1d4	0.17438	33.22	0.215	rgb(219,176,176)	1.6452	None
E2f1	Tbcd	0.91049	50.35	0.347	rgb(221,151,151)	1.9882	None
E2f6	Tcf7l1	0.25382	34.41	0.41	rgb(222,139,139)	1.669	2,2
E2f1	Tesc	0.91248	50.36	0.43	rgb(222,135,136)	1.9884	None
Klf5	Tesc	0.98035	50.64	0.643	rgb(224, 94, 95)	1.994	None
E2f6	Tet2	0.90835	50.34	0.344	rgb(221,151,152)	1.988	None
Klf5	Tet3	0.086476	31.06	0.06	rgb(218,205,206)	1.6019	None
E2f1	Tfdp1	0.9634	50.57	0.572	rgb(223,108,109)	1.9926	None
E2f6	Tfdp1	0.96212	50.56	0.56	rgb(223,110,111)	1.9924	None
Klf5	Tfeb	0.69649	45.08	0.082	rgb(218,201,201)	1.8827	None
Klf5	Tgfb1	0.35745	36.47	0.471	rgb(222,127,128)	1.7103	None
Klf5	Tgif2	0.92901	50.44	0.445	rgb(222,132,133)	1.99	None
E2f6	Thap2	0.79123	47.53	0.53	rgb(223,116,117)	1.9317	2,2
E2f1	Thra	0.8595	49.39	0.391	rgb(221,142,143)	1.969	None
Klf5	Thra	0.69045	44.51	0.511	rgb(223,119,120)	1.8712	None
E2f1	Thsd4	0.49012	39.62	0.623	rgb(224, 98, 99)	1.7733	2,2
E2f1	Tiam1	0.83747	48.58	0.583	rgb(223,106,107)	1.9527	None
Klf5	Tigit	0.321	35.29	0.289	rgb(220,162,162)	1.6866	None
E2f1	Timeless	0.65505	44.27	0.269	rgb(220,166,166)	1.8664	2,2
E2f1	Tjp3	0.84117	49.07	0.173	rgb(219,184,184)	1.9626	None
Klf5	Tlcd2	0.67392	44.47	0.474	rgb(222,126,127)	1.8704	None
E2f1	Tle1	0.7316	46.1	0.099	rgb(218,198,198)	1.9031	None
Klf5	Tle1	0.81161	48.33	0.325	rgb(221,155,155)	1.9477	None
E2f6	Tmem184b	0.53119	40.28	0.327	rgb(221,155,155)	1.7865	None
E2f6	Tmem186	0.71737	45.56	0.558	rgb(223,110,111)	1.8923	2,2
E2f6	Tmem57	0.38093	37.28	0.276	rgb(220,164,165)	1.7265	2,2
Klf5	Tmem63b	0.83529	48.59	0.59	rgb(223,104,106)	1.9529	None
E2f1	Tmpo	0.10798	32.15	0.15	rgb(219,188,189)	1.6237	2,2
Klf5	Tmppe	0.25207	34.07	0.071	rgb(218,203,204)	1.6622	None
E2f1	Tmtc2	0.25732	34.15	0.148	rgb(219,189,189)	1.6638	None
Klf5	Tmtc4	0.37172	37.19	0.194	rgb(219,180,180)	1.7247	None
Klf5	Tnfaip8l1	0.79074	47.45	0.453	rgb(222,131,131)	1.9301	None
Klf5	Tnfrsf18	0.91974	50.4	0.399	rgb(221,141,142)	1.9892	None
E2f6	Tob2	0.49266	40.07	0.124	rgb(218,193,194)	1.7823	None
Klf5	Tob2	0.86208	49.41	0.409	rgb(222,139,140)	1.9694	None
Klf5	Tonsl	0.88693	49.65	0.646	rgb(224, 94, 95)	1.9742	None
E2f1	Top2a	0.9976	50.8	0.796	rgb(226, 65, 67)	1.9972	None
Klf5	Tpbg	0.90746	50.33	0.331	rgb(221,154,154)	1.9878	None
E2f1	Tph1	0.8928	50.19	0.193	rgb(219,180,180)	1.985	None
E2f6	Tph1	0.895	50.23	0.229	rgb(220,173,174)	1.9858	None
Klf5	Tppp	0.8493	49.29	0.343	rgb(221,152,152)	1.967	None
E2f1	Tpx2	0.877	49.52	0.518	rgb(223,118,119)	1.9716	2,2
E2f1	Trerf1	0.98724	50.68	0.685	rgb(225, 86, 88)	1.9948	None
Klf5	Trf	0.73316	46.15	0.15	rgb(219,188,189)	1.9041	None
E2f6	Trpm2	0.39266	37.05	0.054	rgb(218,207,207)	1.7219	None
Klf5	Tsc22d4	0.80486	48.18	0.177	rgb(219,183,184)	1.9447	None
E2f1	Ttc3	0.82294	48.4	0.402	rgb(221,140,141)	1.9491	None
Klf5	Ttc3	0.72227	46.14	0.145	rgb(219,189,190)	1.9039	None
E2f1	Ttc39c	0.8356	48.54	0.543	rgb(223,113,114)	1.9519	None
E2f1	Ttll10	0.40146	37.2	0.195	rgb(219,180,180)	1.7249	None
E2f6	Ttll10	0.49998	40.21	0.209	rgb(219,177,178)	1.7851	None
Klf5	Ttll10	0.98563	50.67	0.667	rgb(224, 90, 91)	1.9946	None
E2f1	Ttyh1	0.53334	41.1	0.149	rgb(219,189,189)	1.803	None
E2f6	Ttyh1	0.82038	48.42	0.417	rgb(222,137,138)	1.9495	None
Klf5	Ttyh1	0.96212	50.56	0.564	rgb(223,109,110)	1.9924	None
E2f1	Tubb4a	0.34935	36.09	0.312	rgb(220,157,158)	1.7026	None
Klf5	Tubb4a	0.21513	33.24	0.242	rgb(220,171,171)	1.6456	None
E2f6	Txn2	0.91342	50.37	0.37	rgb(221,146,147)	1.9886	None
E2f1	Ubac1	0.59983	42.46	0.457	rgb(222,130,131)	1.8302	2,2
Klf5	Ubash3b	0.010019	30.29	0.287	rgb(220,162,163)	1.5865	None
E2f1	Ube2e2	0.85065	49.29	0.286	rgb(220,162,163)	1.967	None
Klf5	Ube2l6	0.85651	49.36	0.356	rgb(221,149,150)	1.9684	None
E2f1	Ubtf	0.93439	50.46	0.458	rgb(222,130,131)	1.9904	None
Klf5	Ubtf	0.56217	41.19	0.193	rgb(219,180,181)	1.8048	None
E2f6	Ugp2	0.94095	50.48	0.485	rgb(222,124,125)	1.9908	None
E2f1	Ulbp1	0.63532	43.45	0.451	rgb(222,131,132)	1.85	2,2
Klf5	Use1	0.99617	50.77	0.774	rgb(226, 69, 71)	1.9966	None
Klf5	Usp3	0.265	35.04	0.038	rgb(217,210,210)	1.6816	None
E2f1	Usp33	0.92315	50.41	0.407	rgb(221,139,140)	1.9894	None
E2f1	Utp14b	0.91758	50.39	0.729	rgb(225, 78, 79)	1.989	None
E2f6	Utp14b	0.78487	47.45	0.446	rgb(222,132,133)	1.9301	None
Klf5	Vamp1	0.99385	50.74	0.735	rgb(225, 77, 78)	1.996	None
E2f1	Vasp	0.93183	50.45	0.447	rgb(222,132,133)	1.9902	None
E2f6	Wdr12	0.63189	43.41	0.415	rgb(222,138,139)	1.8492	2,2
E2f6	Xk	0.31533	36.03	0.031	rgb(217,211,211)	1.7014	2,2
E2f6	Xpot	0.55385	41.36	0.359	rgb(221,148,149)	1.8082	2,2
E2f1	Ybx1	0.72985	46.27	0.271	rgb(220,165,166)	1.9065	None
E2f1	Ypel2	0.90354	50.31	0.308	rgb(220,158,159)	1.9874	None
E2f6	Zc3h12b	0.10798	32.15	0.152	rgb(219,188,188)	1.6237	None
E2f1	Zc3h12c	0.99877	50.84	0.842	rgb(226, 56, 58)	1.998	None
Klf5	Zc3h12c	0.86776	49.45	0.449	rgb(222,131,132)	1.9702	None
Klf5	Zcchc10	0.82139	48.39	0.389	rgb(221,143,143)	1.9489	None
Klf5	Zcwpw1	0.61173	43.16	0.163	rgb(219,186,186)	1.8442	None
Klf5	Zdhhc15	0.89751	50.26	0.261	rgb(220,167,168)	1.9864	None
Klf5	Zdhhc18	0.971	50.6	0.6	rgb(224,102,104)	1.9932	None
E2f1	Zdhhc2	0.80964	48.31	0.453	rgb(222,130,131)	1.9473	None
Klf5	Zdhhc2	0.69194	45.27	0.27	rgb(220,165,166)	1.8865	None
E2f1	Zdhhc23	0.47791	39.04	0.039	rgb(217,210,210)	1.7617	None
Klf5	Zdhhc23	0.84737	49.27	0.269	rgb(220,166,166)	1.9666	None
E2f6	Zfp12	0.69903	45.34	0.343	rgb(221,151,152)	1.8879	None
Klf5	Zfp12	0.97325	50.61	0.609	rgb(224,101,102)	1.9934	None
E2f1	Zfp36l1	0.35682	36.2	0.198	rgb(219,179,180)	1.7048	None
E2f6	Zfp503	0.55586	41.04	0.037	rgb(217,210,210)	1.8018	None
Klf5	Zfp524	0.74543	46.35	0.354	rgb(221,149,150)	1.9081	None
Klf5	Zfp62	0.40709	38.04	0.043	rgb(217,209,209)	1.7417	None
Klf5	Zfp81	0.1009	32.07	0.067	rgb(218,204,204)	1.6221	None
E2f1	Zfp940	0.03283	30.47	0.466	rgb(222,128,129)	1.5901	2,2
Klf5	Zrsr1	0.99084	50.71	0.712	rgb(225, 81, 82)	1.9954	None
